id,accessionNo,cik,ticker,companyName,companyNameLong,formType,description,filedAt,linkToTxt,linkToHtml,linkToXbrl,linkToFilingDetails,entities,documentFormatFiles,dataFiles,seriesAndClassesContractsInformation,periodOfReport
ac1c82ba56935d6024a57453939051ce,0000090168-23-000083,90168,SIF,SIFCO INDUSTRIES INC,SIFCO INDUSTRIES INC (Filer),10-K,"Form 10-K - Annual report [Section 13 and 15(d), not S-K Item 405]",2023-12-29T17:53:23-05:00,https://www.sec.gov/Archives/edgar/data/90168/000009016823000083/0000090168-23-000083.txt,https://www.sec.gov/Archives/edgar/data/90168/000009016823000083/0000090168-23-000083-index.htm,,https://www.sec.gov/Archives/edgar/data/90168/000009016823000083/sif-20230930.htm,"[{'companyName': 'SIFCO INDUSTRIES INC (Filer)', 'cik': '90168', 'irsNo': '340553950', 'stateOfIncorporation': 'OH', 'fiscalYearEnd': '0930', 'type': '10-K', 'act': '34', 'fileNo': '001-05978', 'filmNo': '231528858', 'sic': '3724 Aircraft Engines &amp; Engine Parts'}]","[{'sequence': '1', 'description': '10-K 09.30.2023', 'documentUrl': 'https://www.sec.gov/ix?doc=/Archives/edgar/data/90168/000009016823000083/sif-20230930.htm', 'type': '10-K', 'size': '1753425'}, {'sequence': '2', 'description': 'EX-4.1 DISCRIPTION OF SECURITIES 2023', 'documentUrl': 'https://www.sec.gov/Archives/edgar/data/90168/000009016823000083/exhibit41descriptionofsecu.htm', 'type': 'EX-4.1', 'size': '14615'}, {'sequence': '3', 'description': 'EX-21.1 SUBSIDIARY LISTING 2023', 'documentUrl': 'https://www.sec.gov/Archives/edgar/data/90168/000009016823000083/exhibit21110k2023.htm', 'type': 'EX-21.1', 'size': '5683'}, {'sequence': '4', 'description': 'EX-23.1 FY 2023 CONSENT RSM', 'documentUrl': 'https://www.sec.gov/Archives/edgar/data/90168/000009016823000083/exhibit23110k2023.htm', 'type': 'EX-23.1', 'size': '2588'}, {'sequence': '5', 'description': 'EX-23.2 FY 2022 CONSENT GRANT THORNTON', 'documentUrl': 'https://www.sec.gov/Archives/edgar/data/90168/000009016823000083/exhibit23210k2023gt.htm', 'type': 'EX-23.2', 'size': '2574'}, {'sequence': '6', 'description': 'EX-31.1 Q4 2023 CEO CERT', 'documentUrl': 'https://www.sec.gov/Archives/edgar/data/90168/000009016823000083/exhibit31110k2023.htm', 'type': 'EX-31.1', 'size': '11011'}, {'sequence': '7', 'description': 'EX-31.2 Q4 2023 CFO CERT', 'documentUrl': 'https://www.sec.gov/Archives/edgar/data/90168/000009016823000083/exhibit31210k2023.htm', 'type': 'EX-31.2', 'size': '11190'}, {'sequence': '8', 'description': 'EX-32.1 Q4 2023 CEO CERT', 'documentUrl': 'https://www.sec.gov/Archives/edgar/data/90168/000009016823000083/exhibit32110k2023.htm', 'type': 'EX-32.1', 'size': '6144'}, {'sequence': '9', 'description': 'EX-32.2 Q4 2023 CFO CERT', 'documentUrl': 'https://www.sec.gov/Archives/edgar/data/90168/000009016823000083/exhibit32210k2023.htm', 'type': 'EX-32.2', 'size': '6201'}, {'sequence': '10', 'description': 'EX-97.1 POLICY FOR RECOVERY OF COMPENSATION', 'documentUrl': 'https://www.sec.gov/Archives/edgar/data/90168/000009016823000083/ex97policyfortherecoveryof.htm', 'type': 'EX-97.1', 'size': '40393'}, {'sequence': '16', 'description': 'GRAPHIC', 'documentUrl': 'https://www.sec.gov/Archives/edgar/data/90168/000009016823000083/image_0.jpg', 'type': 'GRAPHIC', 'size': '147'}, {'sequence': '\xa0', 'description': 'Complete submission text file', 'documentUrl': 'https://www.sec.gov/Archives/edgar/data/90168/000009016823000083/0000090168-23-000083.txt', 'type': '\xa0', 'size': '10886010'}]","[{'sequence': '11', 'description': 'XBRL TAXONOMY EXTENSION SCHEMA DOCUMENT', 'documentUrl': 'https://www.sec.gov/Archives/edgar/data/90168/000009016823000083/sif-20230930.xsd', 'type': 'EX-101.SCH', 'size': '78835'}, {'sequence': '12', 'description': 'XBRL TAXONOMY EXTENSION CALCULATION LINKBASE DOCUMENT', 'documentUrl': 'https://www.sec.gov/Archives/edgar/data/90168/000009016823000083/sif-20230930_cal.xml', 'type': 'EX-101.CAL', 'size': '126326'}, {'sequence': '13', 'description': 'XBRL TAXONOMY EXTENSION DEFINITION LINKBASE DOCUMENT', 'documentUrl': 'https://www.sec.gov/Archives/edgar/data/90168/000009016823000083/sif-20230930_def.xml', 'type': 'EX-101.DEF', 'size': '338719'}, {'sequence': '14', 'description': 'XBRL TAXONOMY EXTENSION LABEL LINKBASE DOCUMENT', 'documentUrl': 'https://www.sec.gov/Archives/edgar/data/90168/000009016823000083/sif-20230930_lab.xml', 'type': 'EX-101.LAB', 'size': '976343'}, {'sequence': '15', 'description': 'XBRL TAXONOMY EXTENSION PRESENTATION LINKBASE DOCUMENT', 'documentUrl': 'https://www.sec.gov/Archives/edgar/data/90168/000009016823000083/sif-20230930_pre.xml', 'type': 'EX-101.PRE', 'size': '629739'}, {'sequence': '99', 'description': 'EXTRACTED XBRL INSTANCE DOCUMENT', 'documentUrl': 'https://www.sec.gov/Archives/edgar/data/90168/000009016823000083/sif-20230930_htm.xml', 'type': 'XML', 'size': '1757844'}]",[],2023-09-30
f9fd5115ba2dd2655322b3089229ca68,0001558370-23-020031,1967306,MSBB,"Mercer Bancorp, Inc.","Mercer Bancorp, Inc. (Filer)",10-K,"Form 10-K - Annual report [Section 13 and 15(d), not S-K Item 405]",2023-12-29T17:14:34-05:00,https://www.sec.gov/Archives/edgar/data/1967306/000155837023020031/0001558370-23-020031.txt,https://www.sec.gov/Archives/edgar/data/1967306/000155837023020031/0001558370-23-020031-index.htm,,https://www.sec.gov/Archives/edgar/data/1967306/000155837023020031/tmb-20230930x10k.htm,"[{'companyName': 'Mercer Bancorp, Inc. (Filer)', 'cik': '1967306', 'irsNo': '000000000', 'stateOfIncorporation': 'MD', 'fiscalYearEnd': '0930', 'type': '10-K', 'act': '34', 'fileNo': '000-56575', 'filmNo': '231528550', 'sic': '6036 Savings Institutions, Not Federally Chartered'}]","[{'sequence': '1', 'description': '10-K', 'documentUrl': 'https://www.sec.gov/ix?doc=/Archives/edgar/data/1967306/000155837023020031/tmb-20230930x10k.htm', 'type': '10-K', 'size': '3895786'}, {'sequence': '2', 'description': 'EX-4.2', 'documentUrl': 'https://www.sec.gov/Archives/edgar/data/1967306/000155837023020031/tmb-20230930xex4d2.htm', 'type': 'EX-4.2', 'size': '32575'}, {'sequence': '3', 'description': 'EX-10.9', 'documentUrl': 'https://www.sec.gov/Archives/edgar/data/1967306/000155837023020031/tmb-20230930xex10d9.htm', 'type': 'EX-10.9', 'size': '82275'}, {'sequence': '4', 'description': 'EX-31.1', 'documentUrl': 'https://www.sec.gov/Archives/edgar/data/1967306/000155837023020031/tmb-20230930xex31d1.htm', 'type': 'EX-31.1', 'size': '13371'}, {'sequence': '5', 'description': 'EX-31.2', 'documentUrl': 'https://www.sec.gov/Archives/edgar/data/1967306/000155837023020031/tmb-20230930xex31d2.htm', 'type': 'EX-31.2', 'size': '13403'}, {'sequence': '6', 'description': 'EX-32', 'documentUrl': 'https://www.sec.gov/Archives/edgar/data/1967306/000155837023020031/tmb-20230930xex32.htm', 'type': 'EX-32', 'size': '9778'}, {'sequence': '7', 'description': 'GRAPHIC', 'documentUrl': 'https://www.sec.gov/Archives/edgar/data/1967306/000155837023020031/tmb-20230930x10k009.jpg', 'type': 'GRAPHIC', 'size': '7759'}, {'sequence': '8', 'description': 'GRAPHIC', 'documentUrl': 'https://www.sec.gov/Archives/edgar/data/1967306/000155837023020031/tmb-20230930x10k010.jpg', 'type': 'GRAPHIC', 'size': '30571'}, {'sequence': '9', 'description': 'GRAPHIC', 'documentUrl': 'https://www.sec.gov/Archives/edgar/data/1967306/000155837023020031/tmb-20230930x10k011.jpg', 'type': 'GRAPHIC', 'size': '1546'}, {'sequence': '10', 'description': 'GRAPHIC', 'documentUrl': 'https://www.sec.gov/Archives/edgar/data/1967306/000155837023020031/tmb-20230930x10k012.jpg', 'type': 'GRAPHIC', 'size': '6039'}, {'sequence': '\xa0', 'description': 'Complete submission text file', 'documentUrl': 'https://www.sec.gov/Archives/edgar/data/1967306/000155837023020031/0001558370-23-020031.txt', 'type': '\xa0', 'size': '15232149'}]","[{'sequence': '11', 'description': 'EX-101.SCH', 'documentUrl': 'https://www.sec.gov/Archives/edgar/data/1967306/000155837023020031/tmb-20230930.xsd', 'type': 'EX-101.SCH', 'size': '55327'}, {'sequence': '12', 'description': 'EX-101.CAL', 'documentUrl': 'https://www.sec.gov/Archives/edgar/data/1967306/000155837023020031/tmb-20230930_cal.xml', 'type': 'EX-101.CAL', 'size': '103473'}, {'sequence': '13', 'description': 'EX-101.DEF', 'documentUrl': 'https://www.sec.gov/Archives/edgar/data/1967306/000155837023020031/tmb-20230930_def.xml', 'type': 'EX-101.DEF', 'size': '206684'}, {'sequence': '14', 'description': 'EX-101.LAB', 'documentUrl': 'https://www.sec.gov/Archives/edgar/data/1967306/000155837023020031/tmb-20230930_lab.xml', 'type': 'EX-101.LAB', 'size': '597834'}, {'sequence': '15', 'description': 'EX-101.PRE', 'documentUrl': 'https://www.sec.gov/Archives/edgar/data/1967306/000155837023020031/tmb-20230930_pre.xml', 'type': 'EX-101.PRE', 'size': '459711'}, {'sequence': '86', 'description': 'EXTRACTED XBRL INSTANCE DOCUMENT', 'documentUrl': 'https://www.sec.gov/Archives/edgar/data/1967306/000155837023020031/tmb-20230930x10k_htm.xml', 'type': 'XML', 'size': '3663922'}]",[],2023-09-30
f15f12e631ec88c7aae95205fd1e48b5,0001599916-23-000295,1787412,WBBA,"WB Burgers Asia, Inc.","WB Burgers Asia, Inc. (Filer)",10-K,"Form 10-K - Annual report [Section 13 and 15(d), not S-K Item 405]",2023-12-29T17:09:26-05:00,https://www.sec.gov/Archives/edgar/data/1787412/000159991623000295/0001599916-23-000295.txt,https://www.sec.gov/Archives/edgar/data/1787412/000159991623000295/0001599916-23-000295-index.htm,,https://www.sec.gov/Archives/edgar/data/1787412/000159991623000295/wbba10k_23f.htm,"[{'fiscalYearEnd': '0731', 'stateOfIncorporation': 'NV', 'act': '34', 'cik': '1787412', 'fileNo': '000-56233', 'irsNo': '000000000', 'companyName': 'WB Burgers Asia, Inc. (Filer)', 'type': '10-K', 'sic': '5812 Retail-Eating  Places', 'filmNo': '231528487'}]","[{'sequence': '1', 'size': '818616', 'documentUrl': 'https://www.sec.gov/ix?doc=/Archives/edgar/data/1787412/000159991623000295/wbba10k_23f.htm', 'description': '10-K', 'type': '10-K'}, {'sequence': '2', 'size': '11849', 'documentUrl': 'https://www.sec.gov/Archives/edgar/data/1787412/000159991623000295/ex31bsp.htm', 'description': 'EX-31', 'type': 'EX-31'}, {'sequence': '3', 'size': '7518', 'documentUrl': 'https://www.sec.gov/Archives/edgar/data/1787412/000159991623000295/ex32_bsp.htm', 'description': 'EX-32', 'type': 'EX-32'}, {'sequence': '4', 'size': '14063', 'documentUrl': 'https://www.sec.gov/Archives/edgar/data/1787412/000159991623000295/image_042.jpg', 'description': 'GRAPHIC', 'type': 'GRAPHIC'}, {'sequence': '5', 'size': '167455', 'documentUrl': 'https://www.sec.gov/Archives/edgar/data/1787412/000159991623000295/image_032.jpg', 'description': 'GRAPHIC', 'type': 'GRAPHIC'}, {'sequence': '6', 'size': '5513', 'documentUrl': 'https://www.sec.gov/Archives/edgar/data/1787412/000159991623000295/image_060.jpg', 'description': 'GRAPHIC', 'type': 'GRAPHIC'}, {'sequence': '\xa0', 'size': '3288749', 'documentUrl': 'https://www.sec.gov/Archives/edgar/data/1787412/000159991623000295/0001599916-23-000295.txt', 'description': 'Complete submission text file', 'type': '\xa0'}]","[{'sequence': '7', 'size': '27886', 'documentUrl': 'https://www.sec.gov/Archives/edgar/data/1787412/000159991623000295/wbba-20230731.xsd', 'description': 'XBRL SCHEMA FILE', 'type': 'EX-101.SCH'}, {'sequence': '8', 'size': '13808', 'documentUrl': 'https://www.sec.gov/Archives/edgar/data/1787412/000159991623000295/wbba-20230731_cal.xml', 'description': 'XBRL CALCULATION FILE', 'type': 'EX-101.CAL'}, {'sequence': '9', 'size': '23527', 'documentUrl': 'https://www.sec.gov/Archives/edgar/data/1787412/000159991623000295/wbba-20230731_def.xml', 'description': 'XBRL DEFINITION FILE', 'type': 'EX-101.DEF'}, {'sequence': '10', 'size': '150267', 'documentUrl': 'https://www.sec.gov/Archives/edgar/data/1787412/000159991623000295/wbba-20230731_lab.xml', 'description': 'XBRL LABEL FILE', 'type': 'EX-101.LAB'}, {'sequence': '11', 'size': '115278', 'documentUrl': 'https://www.sec.gov/Archives/edgar/data/1787412/000159991623000295/wbba-20230731_pre.xml', 'description': 'XBRL PRESENTATION FILE', 'type': 'EX-101.PRE'}, {'sequence': '46', 'size': '306464', 'documentUrl': 'https://www.sec.gov/Archives/edgar/data/1787412/000159991623000295/wbba10k_23f_htm.xml', 'description': 'EXTRACTED XBRL INSTANCE DOCUMENT', 'type': 'XML'}]",[],2023-07-31
0b50523519b16d23b406384674b1d357,0001174947-23-001489,12040,BDL,FLANIGANS ENTERPRISES INC,FLANIGANS ENTERPRISES INC (Filer),10-K,"Form 10-K - Annual report [Section 13 and 15(d), not S-K Item 405]",2023-12-29T16:51:14-05:00,https://www.sec.gov/Archives/edgar/data/12040/000117494723001489/0001174947-23-001489.txt,https://www.sec.gov/Archives/edgar/data/12040/000117494723001489/0001174947-23-001489-index.htm,,https://www.sec.gov/Archives/edgar/data/12040/000117494723001489/bdl-20230930.htm,"[{'companyName': 'FLANIGANS ENTERPRISES INC (Filer)', 'cik': '12040', 'irsNo': '590877638', 'stateOfIncorporation': 'FL', 'fiscalYearEnd': '0930', 'type': '10-K', 'act': '34', 'fileNo': '001-06836', 'filmNo': '231528308', 'sic': '5812 Retail-Eating  Places'}]","[{'sequence': '1', 'description': '10-K', 'documentUrl': 'https://www.sec.gov/ix?doc=/Archives/edgar/data/12040/000117494723001489/bdl-20230930.htm', 'type': '10-K', 'size': '1271906'}, {'sequence': '2', 'description': 'EX-31.1', 'documentUrl': 'https://www.sec.gov/Archives/edgar/data/12040/000117494723001489/ex31-1.htm', 'type': 'EX-31.1', 'size': '10397'}, {'sequence': '3', 'description': 'EX-31.2', 'documentUrl': 'https://www.sec.gov/Archives/edgar/data/12040/000117494723001489/ex31-2.htm', 'type': 'EX-31.2', 'size': '10413'}, {'sequence': '4', 'description': 'EX-32.1', 'documentUrl': 'https://www.sec.gov/Archives/edgar/data/12040/000117494723001489/ex32-1.htm', 'type': 'EX-32.1', 'size': '4854'}, {'sequence': '5', 'description': 'EX-32.2', 'documentUrl': 'https://www.sec.gov/Archives/edgar/data/12040/000117494723001489/ex32-2.htm', 'type': 'EX-32.2', 'size': '5411'}, {'sequence': '\xa0', 'description': 'Complete submission text file', 'documentUrl': 'https://www.sec.gov/Archives/edgar/data/12040/000117494723001489/0001174947-23-001489.txt', 'type': '\xa0', 'size': '7178969'}]","[{'sequence': '6', 'description': 'XBRL SCHEMA FILE', 'documentUrl': 'https://www.sec.gov/Archives/edgar/data/12040/000117494723001489/bdl-20230930.xsd', 'type': 'EX-101.SCH', 'size': '102458'}, {'sequence': '7', 'description': 'XBRL CALCULATION FILE', 'documentUrl': 'https://www.sec.gov/Archives/edgar/data/12040/000117494723001489/bdl-20230930_cal.xml', 'type': 'EX-101.CAL', 'size': '49283'}, {'sequence': '8', 'description': 'XBRL DEFINITION FILE', 'documentUrl': 'https://www.sec.gov/Archives/edgar/data/12040/000117494723001489/bdl-20230930_def.xml', 'type': 'EX-101.DEF', 'size': '371052'}, {'sequence': '9', 'description': 'XBRL LABEL FILE', 'documentUrl': 'https://www.sec.gov/Archives/edgar/data/12040/000117494723001489/bdl-20230930_lab.xml', 'type': 'EX-101.LAB', 'size': '739358'}, {'sequence': '10', 'description': 'XBRL PRESENTATION FILE', 'documentUrl': 'https://www.sec.gov/Archives/edgar/data/12040/000117494723001489/bdl-20230930_pre.xml', 'type': 'EX-101.PRE', 'size': '383129'}, {'sequence': '82', 'description': 'EXTRACTED XBRL INSTANCE DOCUMENT', 'documentUrl': 'https://www.sec.gov/Archives/edgar/data/12040/000117494723001489/bdl-20230930_htm.xml', 'type': 'XML', 'size': '681904'}]",[],2023-09-30
6433bcdfc18c7a6c96ba82f4c99a2d74,0001929589-23-000010,1929589,MRDB,MariaDB plc,MariaDB plc (Filer),10-K,"Form 10-K - Annual report [Section 13 and 15(d), not S-K Item 405]",2023-12-29T16:46:24-05:00,https://www.sec.gov/Archives/edgar/data/1929589/000192958923000010/0001929589-23-000010.txt,https://www.sec.gov/Archives/edgar/data/1929589/000192958923000010/0001929589-23-000010-index.htm,,https://www.sec.gov/Archives/edgar/data/1929589/000192958923000010/mrdb-20230930.htm,"[{'companyName': 'MariaDB plc (Filer)', 'cik': '1929589', 'irsNo': '000000000', 'stateOfIncorporation': 'L2', 'fiscalYearEnd': '0930', 'type': '10-K', 'act': '34', 'fileNo': '001-41571', 'filmNo': '231528267', 'sic': '7372 Services-Prepackaged Software'}]","[{'sequence': '1', 'description': '10-K', 'documentUrl': 'https://www.sec.gov/ix?doc=/Archives/edgar/data/1929589/000192958923000010/mrdb-20230930.htm', 'type': '10-K', 'size': '2041237'}, {'sequence': '2', 'description': 'EX-4.7', 'documentUrl': 'https://www.sec.gov/Archives/edgar/data/1929589/000192958923000010/mrdb-2023930xex47xdescript.htm', 'type': 'EX-4.7', 'size': '245216'}, {'sequence': '3', 'description': 'EX-10.31', 'documentUrl': 'https://www.sec.gov/Archives/edgar/data/1929589/000192958923000010/mrdb-2023930xex1031f_ama.htm', 'type': 'EX-10.31', 'size': '4633'}, {'sequence': '4', 'description': 'EX-10.32', 'documentUrl': 'https://www.sec.gov/Archives/edgar/data/1929589/000192958923000010/mrdb-2023930xex1032r_sha.htm', 'type': 'EX-10.32', 'size': '48035'}, {'sequence': '5', 'description': 'EX-21.1', 'documentUrl': 'https://www.sec.gov/Archives/edgar/data/1929589/000192958923000010/mrdb-2023930xex211xlistofs.htm', 'type': 'EX-21.1', 'size': '1160'}, {'sequence': '6', 'description': 'EX-31.1', 'documentUrl': 'https://www.sec.gov/Archives/edgar/data/1929589/000192958923000010/mrdb-2023930xex311.htm', 'type': 'EX-31.1', 'size': '9315'}, {'sequence': '7', 'description': 'EX-31.2', 'documentUrl': 'https://www.sec.gov/Archives/edgar/data/1929589/000192958923000010/mrdb-2023930xex312.htm', 'type': 'EX-31.2', 'size': '9303'}, {'sequence': '8', 'description': 'EX-32.1', 'documentUrl': 'https://www.sec.gov/Archives/edgar/data/1929589/000192958923000010/mrdb-2023930xex321.htm', 'type': 'EX-32.1', 'size': '5207'}, {'sequence': '9', 'description': 'EX-32.2', 'documentUrl': 'https://www.sec.gov/Archives/edgar/data/1929589/000192958923000010/mrdb-2023930xex322.htm', 'type': 'EX-32.2', 'size': '5195'}, {'sequence': '15', 'documentUrl': 'https://www.sec.gov/Archives/edgar/data/1929589/000192958923000010/mrdb-2023930xex1031f_ama001.jpg', 'type': 'GRAPHIC', 'size': '311952'}, {'sequence': '16', 'documentUrl': 'https://www.sec.gov/Archives/edgar/data/1929589/000192958923000010/mrdb-2023930xex1031f_ama002.jpg', 'type': 'GRAPHIC', 'size': '328541'}, {'sequence': '17', 'documentUrl': 'https://www.sec.gov/Archives/edgar/data/1929589/000192958923000010/mrdb-2023930xex1031f_ama003.jpg', 'type': 'GRAPHIC', 'size': '284039'}, {'sequence': '18', 'documentUrl': 'https://www.sec.gov/Archives/edgar/data/1929589/000192958923000010/mrdb-2023930xex1031f_ama004.jpg', 'type': 'GRAPHIC', 'size': '315052'}, {'sequence': '19', 'documentUrl': 'https://www.sec.gov/Archives/edgar/data/1929589/000192958923000010/mrdb-2023930xex1031f_ama005.jpg', 'type': 'GRAPHIC', 'size': '302391'}, {'sequence': '20', 'documentUrl': 'https://www.sec.gov/Archives/edgar/data/1929589/000192958923000010/mrdb-2023930xex1031f_ama006.jpg', 'type': 'GRAPHIC', 'size': '234150'}, {'sequence': '21', 'documentUrl': 'https://www.sec.gov/Archives/edgar/data/1929589/000192958923000010/mrdb-2023930xex1031f_ama007.jpg', 'type': 'GRAPHIC', 'size': '45793'}, {'sequence': '22', 'documentUrl': 'https://www.sec.gov/Archives/edgar/data/1929589/000192958923000010/mrdb-2023930xex1031f_ama008.jpg', 'type': 'GRAPHIC', 'size': '168511'}, {'sequence': '23', 'documentUrl': 'https://www.sec.gov/Archives/edgar/data/1929589/000192958923000010/mrdb-2023930xex1031f_ama009.jpg', 'type': 'GRAPHIC', 'size': '159444'}, {'sequence': '24', 'documentUrl': 'https://www.sec.gov/Archives/edgar/data/1929589/000192958923000010/mrdb-2023930xex1031f_ama010.jpg', 'type': 'GRAPHIC', 'size': '191947'}, {'sequence': '25', 'documentUrl': 'https://www.sec.gov/Archives/edgar/data/1929589/000192958923000010/mrdb-2023930xex1031f_ama011.jpg', 'type': 'GRAPHIC', 'size': '192743'}, {'sequence': '26', 'documentUrl': 'https://www.sec.gov/Archives/edgar/data/1929589/000192958923000010/mrdb-2023930xex1031f_ama012.jpg', 'type': 'GRAPHIC', 'size': '191806'}, {'sequence': '27', 'documentUrl': 'https://www.sec.gov/Archives/edgar/data/1929589/000192958923000010/mrdb-2023930xex1031f_ama013.jpg', 'type': 'GRAPHIC', 'size': '140043'}, {'sequence': '28', 'documentUrl': 'https://www.sec.gov/Archives/edgar/data/1929589/000192958923000010/mrdb-2023930xex1031f_ama014.jpg', 'type': 'GRAPHIC', 'size': '139371'}, {'sequence': '29', 'documentUrl': 'https://www.sec.gov/Archives/edgar/data/1929589/000192958923000010/mrdb-2023930xex1032r_sha001.jpg', 'type': 'GRAPHIC', 'size': '245793'}, {'sequence': '30', 'documentUrl': 'https://www.sec.gov/Archives/edgar/data/1929589/000192958923000010/mrdb-2023930xex1032r_sha002.jpg', 'type': 'GRAPHIC', 'size': '237020'}, {'sequence': '31', 'documentUrl': 'https://www.sec.gov/Archives/edgar/data/1929589/000192958923000010/mrdb-2023930xex1032r_sha003.jpg', 'type': 'GRAPHIC', 'size': '258111'}, {'sequence': '32', 'documentUrl': 'https://www.sec.gov/Archives/edgar/data/1929589/000192958923000010/mrdb-2023930xex1032r_sha004.jpg', 'type': 'GRAPHIC', 'size': '247180'}, {'sequence': '33', 'documentUrl': 'https://www.sec.gov/Archives/edgar/data/1929589/000192958923000010/mrdb-2023930xex1032r_sha005.jpg', 'type': 'GRAPHIC', 'size': '283360'}, {'sequence': '34', 'documentUrl': 'https://www.sec.gov/Archives/edgar/data/1929589/000192958923000010/mrdb-2023930xex1032r_sha006.jpg', 'type': 'GRAPHIC', 'size': '272554'}, {'sequence': '35', 'documentUrl': 'https://www.sec.gov/Archives/edgar/data/1929589/000192958923000010/mrdb-2023930xex1032r_sha007.jpg', 'type': 'GRAPHIC', 'size': '262996'}, {'sequence': '36', 'documentUrl': 'https://www.sec.gov/Archives/edgar/data/1929589/000192958923000010/mrdb-2023930xex1032r_sha008.jpg', 'type': 'GRAPHIC', 'size': '274101'}, {'sequence': '37', 'documentUrl': 'https://www.sec.gov/Archives/edgar/data/1929589/000192958923000010/mrdb-2023930xex1032r_sha009.jpg', 'type': 'GRAPHIC', 'size': '260724'}, {'sequence': '38', 'documentUrl': 'https://www.sec.gov/Archives/edgar/data/1929589/000192958923000010/mrdb-2023930xex1032r_sha010.jpg', 'type': 'GRAPHIC', 'size': '307614'}, {'sequence': '39', 'documentUrl': 'https://www.sec.gov/Archives/edgar/data/1929589/000192958923000010/mrdb-2023930xex1032r_sha011.jpg', 'type': 'GRAPHIC', 'size': '238663'}, {'sequence': '40', 'documentUrl': 'https://www.sec.gov/Archives/edgar/data/1929589/000192958923000010/mrdb-2023930xex1032r_sha012.jpg', 'type': 'GRAPHIC', 'size': '250239'}, {'sequence': '41', 'documentUrl': 'https://www.sec.gov/Archives/edgar/data/1929589/000192958923000010/mrdb-2023930xex1032r_sha013.jpg', 'type': 'GRAPHIC', 'size': '310596'}, {'sequence': '42', 'documentUrl': 'https://www.sec.gov/Archives/edgar/data/1929589/000192958923000010/mrdb-2023930xex1032r_sha014.jpg', 'type': 'GRAPHIC', 'size': '283206'}, {'sequence': '43', 'documentUrl': 'https://www.sec.gov/Archives/edgar/data/1929589/000192958923000010/mrdb-2023930xex1032r_sha015.jpg', 'type': 'GRAPHIC', 'size': '199313'}, {'sequence': '44', 'documentUrl': 'https://www.sec.gov/Archives/edgar/data/1929589/000192958923000010/mrdb-2023930xex1032r_sha016.jpg', 'type': 'GRAPHIC', 'size': '53427'}, {'sequence': '\xa0', 'description': 'Complete submission text file', 'documentUrl': 'https://www.sec.gov/Archives/edgar/data/1929589/000192958923000010/0001929589-23-000010.txt', 'type': '\xa0', 'size': '20669980'}]","[{'sequence': '10', 'description': 'XBRL TAXONOMY EXTENSION SCHEMA DOCUMENT', 'documentUrl': 'https://www.sec.gov/Archives/edgar/data/1929589/000192958923000010/mrdb-20230930.xsd', 'type': 'EX-101.SCH', 'size': '66218'}, {'sequence': '11', 'description': 'XBRL TAXONOMY EXTENSION CALCULATION LINKBASE DOCUMENT', 'documentUrl': 'https://www.sec.gov/Archives/edgar/data/1929589/000192958923000010/mrdb-20230930_cal.xml', 'type': 'EX-101.CAL', 'size': '96871'}, {'sequence': '12', 'description': 'XBRL TAXONOMY EXTENSION DEFINITION LINKBASE DOCUMENT', 'documentUrl': 'https://www.sec.gov/Archives/edgar/data/1929589/000192958923000010/mrdb-20230930_def.xml', 'type': 'EX-101.DEF', 'size': '517890'}, {'sequence': '13', 'description': 'XBRL TAXONOMY EXTENSION LABEL LINKBASE DOCUMENT', 'documentUrl': 'https://www.sec.gov/Archives/edgar/data/1929589/000192958923000010/mrdb-20230930_lab.xml', 'type': 'EX-101.LAB', 'size': '916307'}, {'sequence': '14', 'description': 'XBRL TAXONOMY EXTENSION PRESENTATION LINKBASE DOCUMENT', 'documentUrl': 'https://www.sec.gov/Archives/edgar/data/1929589/000192958923000010/mrdb-20230930_pre.xml', 'type': 'EX-101.PRE', 'size': '663732'}, {'sequence': '127', 'description': 'EXTRACTED XBRL INSTANCE DOCUMENT', 'documentUrl': 'https://www.sec.gov/Archives/edgar/data/1929589/000192958923000010/mrdb-20230930_htm.xml', 'type': 'XML', 'size': '1379552'}]",[],2023-09-30
7673af245cef97a9da0bf04d5c21e189,0001359687-23-000028,1359687,REGX,"RED TRAIL ENERGY, LLC","RED TRAIL ENERGY, LLC (Filer)",10-K,"Form 10-K - Annual report [Section 13 and 15(d), not S-K Item 405]",2023-12-29T16:38:07-05:00,https://www.sec.gov/Archives/edgar/data/1359687/000135968723000028/0001359687-23-000028.txt,https://www.sec.gov/Archives/edgar/data/1359687/000135968723000028/0001359687-23-000028-index.htm,,https://www.sec.gov/Archives/edgar/data/1359687/000135968723000028/rte-20230930.htm,"[{'fiscalYearEnd': '0930', 'stateOfIncorporation': 'ND', 'act': '34', 'cik': '1359687', 'fileNo': '000-52033', 'irsNo': '760742311', 'companyName': 'RED TRAIL ENERGY, LLC (Filer)', 'type': '10-K', 'sic': '2860 Industrial Organic Chemicals', 'filmNo': '231528191'}]","[{'sequence': '1', 'size': '1275617', 'documentUrl': 'https://www.sec.gov/ix?doc=/Archives/edgar/data/1359687/000135968723000028/rte-20230930.htm', 'description': '10-K', 'type': '10-K'}, {'sequence': '2', 'size': '10874', 'documentUrl': 'https://www.sec.gov/Archives/edgar/data/1359687/000135968723000028/certification3119-30x23.htm', 'description': 'EX-31.1', 'type': 'EX-31.1'}, {'sequence': '3', 'size': '10770', 'documentUrl': 'https://www.sec.gov/Archives/edgar/data/1359687/000135968723000028/certification3129-30x23.htm', 'description': 'EX-31.2', 'type': 'EX-31.2'}, {'sequence': '4', 'size': '5142', 'documentUrl': 'https://www.sec.gov/Archives/edgar/data/1359687/000135968723000028/certification3219-30x23.htm', 'description': 'EX-32.1', 'type': 'EX-32.1'}, {'sequence': '5', 'size': '5246', 'documentUrl': 'https://www.sec.gov/Archives/edgar/data/1359687/000135968723000028/certification3229-30x23.htm', 'description': 'EX-32.2', 'type': 'EX-32.2'}, {'sequence': '11', 'size': '175789', 'documentUrl': 'https://www.sec.gov/Archives/edgar/data/1359687/000135968723000028/rte-20230930_g1.jpg', 'type': 'GRAPHIC'}, {'sequence': '12', 'size': '5173', 'documentUrl': 'https://www.sec.gov/Archives/edgar/data/1359687/000135968723000028/rte-20230930_g2.jpg', 'type': 'GRAPHIC'}, {'sequence': '13', 'size': '5688', 'documentUrl': 'https://www.sec.gov/Archives/edgar/data/1359687/000135968723000028/rte-20230930_g3.jpg', 'type': 'GRAPHIC'}, {'sequence': '\xa0', 'size': '5931465', 'documentUrl': 'https://www.sec.gov/Archives/edgar/data/1359687/000135968723000028/0001359687-23-000028.txt', 'description': 'Complete submission text file', 'type': '\xa0'}]","[{'sequence': '6', 'size': '34294', 'documentUrl': 'https://www.sec.gov/Archives/edgar/data/1359687/000135968723000028/rte-20230930.xsd', 'description': 'XBRL TAXONOMY EXTENSION SCHEMA DOCUMENT', 'type': 'EX-101.SCH'}, {'sequence': '7', 'size': '61172', 'documentUrl': 'https://www.sec.gov/Archives/edgar/data/1359687/000135968723000028/rte-20230930_cal.xml', 'description': 'XBRL TAXONOMY EXTENSION CALCULATION LINKBASE DOCUMENT', 'type': 'EX-101.CAL'}, {'sequence': '8', 'size': '189298', 'documentUrl': 'https://www.sec.gov/Archives/edgar/data/1359687/000135968723000028/rte-20230930_def.xml', 'description': 'XBRL TAXONOMY EXTENSION DEFINITION LINKBASE DOCUMENT', 'type': 'EX-101.DEF'}, {'sequence': '9', 'size': '484203', 'documentUrl': 'https://www.sec.gov/Archives/edgar/data/1359687/000135968723000028/rte-20230930_lab.xml', 'description': 'XBRL TAXONOMY EXTENSION LABEL LINKBASE DOCUMENT', 'type': 'EX-101.LAB'}, {'sequence': '10', 'size': '320703', 'documentUrl': 'https://www.sec.gov/Archives/edgar/data/1359687/000135968723000028/rte-20230930_pre.xml', 'description': 'XBRL TAXONOMY EXTENSION PRESENTATION LINKBASE DOCUMENT', 'type': 'EX-101.PRE'}, {'sequence': '67', 'size': '617324', 'documentUrl': 'https://www.sec.gov/Archives/edgar/data/1359687/000135968723000028/rte-20230930_htm.xml', 'description': 'EXTRACTED XBRL INSTANCE DOCUMENT', 'type': 'XML'}]",[],2023-09-30
ce0958b7418a37399cd03c1a0b93a9f9,0001213900-23-099889,1506251,CTXR,"Citius Pharmaceuticals, Inc.","Citius Pharmaceuticals, Inc. (Filer)",10-K,"Form 10-K - Annual report [Section 13 and 15(d), not S-K Item 405]",2023-12-29T16:05:44-05:00,https://www.sec.gov/Archives/edgar/data/1506251/000121390023099889/0001213900-23-099889.txt,https://www.sec.gov/Archives/edgar/data/1506251/000121390023099889/0001213900-23-099889-index.htm,,https://www.sec.gov/Archives/edgar/data/1506251/000121390023099889/f10k2023_citiuspharma.htm,"[{'companyName': 'Citius Pharmaceuticals, Inc. (Filer)', 'cik': '1506251', 'irsNo': '273425913', 'stateOfIncorporation': 'NV', 'fiscalYearEnd': '0930', 'type': '10-K', 'act': '34', 'fileNo': '001-38174', 'filmNo': '231527682', 'sic': '2834 Pharmaceutical Preparations'}]","[{'sequence': '1', 'description': 'ANNUAL REPORT', 'documentUrl': 'https://www.sec.gov/ix?doc=/Archives/edgar/data/1506251/000121390023099889/f10k2023_citiuspharma.htm', 'type': '10-K', 'size': '1547565'}, {'sequence': '2', 'description': 'FORM OF COMMON STOCK PURCHASE WARRANT, DATED AUGUST 13, 2018, AS AMENDED AUGUST ', 'documentUrl': 'https://www.sec.gov/Archives/edgar/data/1506251/000121390023099889/f10k2023ex4-1_citiuspharma.htm', 'type': 'EX-4.1', 'size': '101388'}, {'sequence': '3', 'description': ""FORM OF UNDERWRITER'S COMMON STOCK PURCHASE WARRANT, DATED AUGUST 13, 2018, AS A"", 'documentUrl': 'https://www.sec.gov/Archives/edgar/data/1506251/000121390023099889/f10k2023ex4-3_citiuspharma.htm', 'type': 'EX-4.3', 'size': '104009'}, {'sequence': '4', 'description': 'SUBSIDIARIES', 'documentUrl': 'https://www.sec.gov/Archives/edgar/data/1506251/000121390023099889/f10k2023ex21_citiuspharma.htm', 'type': 'EX-21', 'size': '2698'}, {'sequence': '5', 'description': 'CONSENT OF INDEPENDENT REGISTERED PUBLIC ACCOUNTING FIRM', 'documentUrl': 'https://www.sec.gov/Archives/edgar/data/1506251/000121390023099889/f10k2023ex23-1_citiuspharma.htm', 'type': 'EX-23.1', 'size': '1968'}, {'sequence': '6', 'description': 'CERTIFICATION', 'documentUrl': 'https://www.sec.gov/Archives/edgar/data/1506251/000121390023099889/f10k2023ex31-1_citiuspharma.htm', 'type': 'EX-31.1', 'size': '11328'}, {'sequence': '7', 'description': 'CERTIFICATION', 'documentUrl': 'https://www.sec.gov/Archives/edgar/data/1506251/000121390023099889/f10k2023ex31-2_citiuspharma.htm', 'type': 'EX-31.2', 'size': '11176'}, {'sequence': '8', 'description': 'CERTIFICATION', 'documentUrl': 'https://www.sec.gov/Archives/edgar/data/1506251/000121390023099889/f10k2023ex32-1_citiuspharma.htm', 'type': 'EX-32.1', 'size': '5890'}, {'sequence': '\xa0', 'description': 'Complete submission text file', 'documentUrl': 'https://www.sec.gov/Archives/edgar/data/1506251/000121390023099889/0001213900-23-099889.txt', 'type': '\xa0', 'size': '5675538'}]","[{'sequence': '9', 'description': 'XBRL SCHEMA FILE', 'documentUrl': 'https://www.sec.gov/Archives/edgar/data/1506251/000121390023099889/ctxr-20230930.xsd', 'type': 'EX-101.SCH', 'size': '54762'}, {'sequence': '10', 'description': 'XBRL CALCULATION FILE', 'documentUrl': 'https://www.sec.gov/Archives/edgar/data/1506251/000121390023099889/ctxr-20230930_cal.xml', 'type': 'EX-101.CAL', 'size': '30309'}, {'sequence': '11', 'description': 'XBRL DEFINITION FILE', 'documentUrl': 'https://www.sec.gov/Archives/edgar/data/1506251/000121390023099889/ctxr-20230930_def.xml', 'type': 'EX-101.DEF', 'size': '211189'}, {'sequence': '12', 'description': 'XBRL LABEL FILE', 'documentUrl': 'https://www.sec.gov/Archives/edgar/data/1506251/000121390023099889/ctxr-20230930_lab.xml', 'type': 'EX-101.LAB', 'size': '453906'}, {'sequence': '13', 'description': 'XBRL PRESENTATION FILE', 'documentUrl': 'https://www.sec.gov/Archives/edgar/data/1506251/000121390023099889/ctxr-20230930_pre.xml', 'type': 'EX-101.PRE', 'size': '223447'}, {'sequence': '58', 'description': 'EXTRACTED XBRL INSTANCE DOCUMENT', 'documentUrl': 'https://www.sec.gov/Archives/edgar/data/1506251/000121390023099889/f10k2023_citiuspharma_htm.xml', 'type': 'XML', 'size': '495104'}]",[],2023-09-30
de95dcb9693157dcc42b815335f5f394,0000072633-23-000016,72633,NRT,NORTH EUROPEAN OIL ROYALTY TRUST,NORTH EUROPEAN OIL ROYALTY TRUST (Filer),10-K,"Form 10-K - Annual report [Section 13 and 15(d), not S-K Item 405]",2023-12-29T10:47:42-05:00,https://www.sec.gov/Archives/edgar/data/72633/000007263323000016/0000072633-23-000016.txt,https://www.sec.gov/Archives/edgar/data/72633/000007263323000016/0000072633-23-000016-index.htm,,https://www.sec.gov/Archives/edgar/data/72633/000007263323000016/tenk2023.htm,"[{'companyName': 'NORTH EUROPEAN OIL ROYALTY TRUST (Filer)', 'cik': '72633', 'irsNo': '222084119', 'stateOfIncorporation': 'NH', 'fiscalYearEnd': '1031', 'type': '10-K', 'act': '34', 'fileNo': '001-08245', 'filmNo': '231525200', 'sic': '6792 Oil Royalty Traders'}]","[{'sequence': '1', 'documentUrl': 'https://www.sec.gov/Archives/edgar/data/72633/000007263323000016/tenk2023.htm', 'type': '10-K', 'size': '115182'}, {'sequence': '2', 'documentUrl': 'https://www.sec.gov/Archives/edgar/data/72633/000007263323000016/x4-122923.htm', 'type': 'EX-4', 'size': '2666'}, {'sequence': '3', 'documentUrl': 'https://www.sec.gov/Archives/edgar/data/72633/000007263323000016/x31-122923.htm', 'type': 'EX-31', 'size': '4577'}, {'sequence': '4', 'documentUrl': 'https://www.sec.gov/Archives/edgar/data/72633/000007263323000016/x32-122923.htm', 'type': 'EX-32', 'size': '1824'}, {'sequence': '5', 'documentUrl': 'https://www.sec.gov/Archives/edgar/data/72633/000007263323000016/x97-122923.htm', 'type': 'EX-97', 'size': '15974'}, {'sequence': '6', 'documentUrl': 'https://www.sec.gov/Archives/edgar/data/72633/000007263323000016/x99-112923.htm', 'type': 'EX-99', 'size': '57521'}, {'sequence': '\xa0', 'description': 'Complete submission text file', 'documentUrl': 'https://www.sec.gov/Archives/edgar/data/72633/000007263323000016/0000072633-23-000016.txt', 'type': '\xa0', 'size': '198823'}]",[],[],2023-10-31
aed08d80a232f8798a065dd7b2926bb1,0001967097-23-000004,1967097,,"Atmos Energy Kansas Securitization I, LLC","Atmos Energy Kansas Securitization I, LLC (Filer)",10-K,"Form 10-K - Annual report [Section 13 and 15(d), not S-K Item 405]",2023-12-29T09:07:12-05:00,https://www.sec.gov/Archives/edgar/data/1967097/000196709723000004/0001967097-23-000004.txt,https://www.sec.gov/Archives/edgar/data/1967097/000196709723000004/0001967097-23-000004-index.htm,,https://www.sec.gov/Archives/edgar/data/1967097/000196709723000004/aek-20230930.htm,"[{'companyName': 'Atmos Energy Kansas Securitization I, LLC (Filer)', 'cik': '1967097', 'irsNo': '921021026', 'stateOfIncorporation': 'TX', 'fiscalYearEnd': '0930', 'type': '10-K', 'act': '34', 'fileNo': '333-270078-01', 'filmNo': '231524640'}]","[{'sequence': '1', 'description': '10-K', 'documentUrl': 'https://www.sec.gov/ix?doc=/Archives/edgar/data/1967097/000196709723000004/aek-20230930.htm', 'type': '10-K', 'size': '83572'}, {'sequence': '2', 'description': 'EX-31.1', 'documentUrl': 'https://www.sec.gov/Archives/edgar/data/1967097/000196709723000004/aek20230930ex-311xcertific.htm', 'type': 'EX-31.1', 'size': '7220'}, {'sequence': '3', 'description': 'EX-33.1', 'documentUrl': 'https://www.sec.gov/Archives/edgar/data/1967097/000196709723000004/aek20230930ex-331xatoasses.htm', 'type': 'EX-33.1', 'size': '45013'}, {'sequence': '4', 'description': 'EX-33.2', 'documentUrl': 'https://www.sec.gov/Archives/edgar/data/1967097/000196709723000004/aek20230930ex-332xusbankas.htm', 'type': 'EX-33.2', 'size': '51070'}, {'sequence': '5', 'description': 'EX-34.1', 'documentUrl': 'https://www.sec.gov/Archives/edgar/data/1967097/000196709723000004/aek20230930ex341-atoassura.htm', 'type': 'EX-34.1', 'size': '5786'}, {'sequence': '6', 'description': 'EX-34.2', 'documentUrl': 'https://www.sec.gov/Archives/edgar/data/1967097/000196709723000004/aek20230930ex342-usbanktru.htm', 'type': 'EX-34.2', 'size': '6033'}, {'sequence': '7', 'description': 'EX-35.1', 'documentUrl': 'https://www.sec.gov/Archives/edgar/data/1967097/000196709723000004/aek20230930ex-351complianc.htm', 'type': 'EX-35.1', 'size': '4835'}, {'sequence': '\xa0', 'description': 'Complete submission text file', 'documentUrl': 'https://www.sec.gov/Archives/edgar/data/1967097/000196709723000004/0001967097-23-000004.txt', 'type': '\xa0', 'size': '470665'}]","[{'sequence': '8', 'description': 'XBRL TAXONOMY EXTENSION SCHEMA DOCUMENT', 'documentUrl': 'https://www.sec.gov/Archives/edgar/data/1967097/000196709723000004/aek-20230930.xsd', 'type': 'EX-101.SCH', 'size': '3198'}, {'sequence': '9', 'description': 'XBRL TAXONOMY EXTENSION DEFINITION LINKBASE DOCUMENT', 'documentUrl': 'https://www.sec.gov/Archives/edgar/data/1967097/000196709723000004/aek-20230930_def.xml', 'type': 'EX-101.DEF', 'size': '20322'}, {'sequence': '10', 'description': 'XBRL TAXONOMY EXTENSION LABEL LINKBASE DOCUMENT', 'documentUrl': 'https://www.sec.gov/Archives/edgar/data/1967097/000196709723000004/aek-20230930_lab.xml', 'type': 'EX-101.LAB', 'size': '44067'}, {'sequence': '11', 'description': 'XBRL TAXONOMY EXTENSION PRESENTATION LINKBASE DOCUMENT', 'documentUrl': 'https://www.sec.gov/Archives/edgar/data/1967097/000196709723000004/aek-20230930_pre.xml', 'type': 'EX-101.PRE', 'size': '23665'}, {'sequence': '14', 'description': 'EXTRACTED XBRL INSTANCE DOCUMENT', 'documentUrl': 'https://www.sec.gov/Archives/edgar/data/1967097/000196709723000004/aek-20230930_htm.xml', 'type': 'XML', 'size': '5800'}]",[],2023-09-30
72f26f1f67ca7584e42365e9b152ab55,0001493152-23-046428,932021,GTLL,GLOBAL TECHNOLOGIES LTD,GLOBAL TECHNOLOGIES LTD (Filer),10-K,"Form 10-K - Annual report [Section 13 and 15(d), not S-K Item 405]",2023-12-28T17:55:31-05:00,https://www.sec.gov/Archives/edgar/data/932021/000149315223046428/0001493152-23-046428.txt,https://www.sec.gov/Archives/edgar/data/932021/000149315223046428/0001493152-23-046428-index.htm,,https://www.sec.gov/Archives/edgar/data/932021/000149315223046428/form10-k.htm,"[{'companyName': 'GLOBAL TECHNOLOGIES LTD (Filer)', 'cik': '932021', 'irsNo': '860970492', 'stateOfIncorporation': 'DE', 'fiscalYearEnd': '0630', 'type': '10-K', 'act': '34', 'fileNo': '000-25668', 'filmNo': '231523646', 'sic': '3663 Radio &amp; Tv Broadcasting &amp; Communications Equipment'}]","[{'sequence': '1', 'documentUrl': 'https://www.sec.gov/ix?doc=/Archives/edgar/data/932021/000149315223046428/form10-k.htm', 'type': '10-K', 'size': '2043620'}, {'sequence': '2', 'documentUrl': 'https://www.sec.gov/Archives/edgar/data/932021/000149315223046428/ex10-24.htm', 'type': 'EX-10.24', 'size': '49835'}, {'sequence': '3', 'documentUrl': 'https://www.sec.gov/Archives/edgar/data/932021/000149315223046428/ex10-26.htm', 'type': 'EX-10.26', 'size': '138590'}, {'sequence': '4', 'documentUrl': 'https://www.sec.gov/Archives/edgar/data/932021/000149315223046428/ex21-1.htm', 'type': 'EX-21.1', 'size': '4380'}, {'sequence': '5', 'documentUrl': 'https://www.sec.gov/Archives/edgar/data/932021/000149315223046428/ex31-1.htm', 'type': 'EX-31.1', 'size': '17906'}, {'sequence': '6', 'documentUrl': 'https://www.sec.gov/Archives/edgar/data/932021/000149315223046428/ex31-2.htm', 'type': 'EX-31.2', 'size': '19243'}, {'sequence': '7', 'documentUrl': 'https://www.sec.gov/Archives/edgar/data/932021/000149315223046428/ex32-1.htm', 'type': 'EX-32.1', 'size': '6619'}, {'sequence': '8', 'documentUrl': 'https://www.sec.gov/Archives/edgar/data/932021/000149315223046428/form10-k_1.jpg', 'type': 'GRAPHIC', 'size': '4653'}, {'sequence': '9', 'documentUrl': 'https://www.sec.gov/Archives/edgar/data/932021/000149315223046428/form10-k_2.jpg', 'type': 'GRAPHIC', 'size': '3682'}, {'sequence': '10', 'documentUrl': 'https://www.sec.gov/Archives/edgar/data/932021/000149315223046428/form10-k_3.jpg', 'type': 'GRAPHIC', 'size': '2466'}, {'sequence': '11', 'documentUrl': 'https://www.sec.gov/Archives/edgar/data/932021/000149315223046428/ex21-1_001.jpg', 'type': 'GRAPHIC', 'size': '157519'}, {'sequence': '12', 'documentUrl': 'https://www.sec.gov/Archives/edgar/data/932021/000149315223046428/ex21-1_002.jpg', 'type': 'GRAPHIC', 'size': '172714'}, {'sequence': '13', 'documentUrl': 'https://www.sec.gov/Archives/edgar/data/932021/000149315223046428/ex21-1_003.jpg', 'type': 'GRAPHIC', 'size': '320768'}, {'sequence': '14', 'documentUrl': 'https://www.sec.gov/Archives/edgar/data/932021/000149315223046428/ex21-1_004.jpg', 'type': 'GRAPHIC', 'size': '139228'}, {'sequence': '15', 'documentUrl': 'https://www.sec.gov/Archives/edgar/data/932021/000149315223046428/ex21-1_005.jpg', 'type': 'GRAPHIC', 'size': '268419'}, {'sequence': '\xa0', 'description': 'Complete submission text file', 'documentUrl': 'https://www.sec.gov/Archives/edgar/data/932021/000149315223046428/0001493152-23-046428.txt', 'type': '\xa0', 'size': '9966187'}]","[{'sequence': '16', 'description': 'XBRL SCHEMA FILE', 'documentUrl': 'https://www.sec.gov/Archives/edgar/data/932021/000149315223046428/gtll-20230630.xsd', 'type': 'EX-101.SCH', 'size': '59882'}, {'sequence': '17', 'description': 'XBRL CALCULATION FILE', 'documentUrl': 'https://www.sec.gov/Archives/edgar/data/932021/000149315223046428/gtll-20230630_cal.xml', 'type': 'EX-101.CAL', 'size': '71279'}, {'sequence': '18', 'description': 'XBRL DEFINITION FILE', 'documentUrl': 'https://www.sec.gov/Archives/edgar/data/932021/000149315223046428/gtll-20230630_def.xml', 'type': 'EX-101.DEF', 'size': '233969'}, {'sequence': '19', 'description': 'XBRL LABEL FILE', 'documentUrl': 'https://www.sec.gov/Archives/edgar/data/932021/000149315223046428/gtll-20230630_lab.xml', 'type': 'EX-101.LAB', 'size': '414941'}, {'sequence': '20', 'description': 'XBRL PRESENTATION FILE', 'documentUrl': 'https://www.sec.gov/Archives/edgar/data/932021/000149315223046428/gtll-20230630_pre.xml', 'type': 'EX-101.PRE', 'size': '331780'}, {'sequence': '78', 'description': 'EXTRACTED XBRL INSTANCE DOCUMENT', 'documentUrl': 'https://www.sec.gov/Archives/edgar/data/932021/000149315223046428/form10-k_htm.xml', 'type': 'XML', 'size': '1256263'}]",[],2023-06-30
25c62cc8276f9a0ed30f459366884a73,0001437749-23-035505,1101396,DLA,"DELTA APPAREL, INC","DELTA APPAREL, INC (Filer)",10-K,"Form 10-K - Annual report [Section 13 and 15(d), not S-K Item 405]",2023-12-28T17:17:24-05:00,https://www.sec.gov/Archives/edgar/data/1101396/000143774923035505/0001437749-23-035505.txt,https://www.sec.gov/Archives/edgar/data/1101396/000143774923035505/0001437749-23-035505-index.htm,,https://www.sec.gov/Archives/edgar/data/1101396/000143774923035505/dla20230930_10k.htm,"[{'companyName': 'DELTA APPAREL, INC (Filer)', 'cik': '1101396', 'irsNo': '582508794', 'stateOfIncorporation': 'GA', 'fiscalYearEnd': '0930', 'type': '10-K', 'act': '34', 'fileNo': '001-15583', 'filmNo': '231523494', 'sic': '5130 Wholesale-Apparel, Piece Goods &amp; Notions'}]","[{'sequence': '1', 'description': 'FORM 10-K', 'documentUrl': 'https://www.sec.gov/ix?doc=/Archives/edgar/data/1101396/000143774923035505/dla20230930_10k.htm', 'type': '10-K', 'size': '1933609'}, {'sequence': '2', 'description': 'EXHIBIT 10.2.14', 'documentUrl': 'https://www.sec.gov/Archives/edgar/data/1101396/000143774923035505/ex_610610.htm', 'type': 'EX-10.214', 'size': '70155'}, {'sequence': '3', 'description': 'EXHIBIT 10.27', 'documentUrl': 'https://www.sec.gov/Archives/edgar/data/1101396/000143774923035505/ex_604409.htm', 'type': 'EX-10.27', 'size': '33151'}, {'sequence': '4', 'description': 'EXHIBIT 21', 'documentUrl': 'https://www.sec.gov/Archives/edgar/data/1101396/000143774923035505/ex_562035.htm', 'type': 'EX-21', 'size': '11075'}, {'sequence': '5', 'description': 'EXHIBIT 23.1', 'documentUrl': 'https://www.sec.gov/Archives/edgar/data/1101396/000143774923035505/ex_562036.htm', 'type': 'EX-23.1', 'size': '3522'}, {'sequence': '6', 'description': 'EXHIBIT 31.1', 'documentUrl': 'https://www.sec.gov/Archives/edgar/data/1101396/000143774923035505/ex_562037.htm', 'type': 'EX-31.1', 'size': '15728'}, {'sequence': '7', 'description': 'EXHIBIT 31.2', 'documentUrl': 'https://www.sec.gov/Archives/edgar/data/1101396/000143774923035505/ex_562038.htm', 'type': 'EX-31.2', 'size': '15392'}, {'sequence': '8', 'description': 'EXHIBIT 32.1', 'documentUrl': 'https://www.sec.gov/Archives/edgar/data/1101396/000143774923035505/ex_562039.htm', 'type': 'EX-32.1', 'size': '7196'}, {'sequence': '9', 'description': 'EXHIBIT 32.2', 'documentUrl': 'https://www.sec.gov/Archives/edgar/data/1101396/000143774923035505/ex_562040.htm', 'type': 'EX-32.2', 'size': '6996'}, {'sequence': '\xa0', 'description': 'Complete submission text file', 'documentUrl': 'https://www.sec.gov/Archives/edgar/data/1101396/000143774923035505/0001437749-23-035505.txt', 'type': '\xa0', 'size': '9615849'}]","[{'sequence': '10', 'description': 'XBRL TAXONOMY EXTENSION SCHEMA', 'documentUrl': 'https://www.sec.gov/Archives/edgar/data/1101396/000143774923035505/dla-20230930.xsd', 'type': 'EX-101.SCH', 'size': '78222'}, {'sequence': '11', 'description': 'XBRL TAXONOMY EXTENSION CALCULATION LINKBASE', 'documentUrl': 'https://www.sec.gov/Archives/edgar/data/1101396/000143774923035505/dla-20230930_cal.xml', 'type': 'EX-101.CAL', 'size': '80959'}, {'sequence': '12', 'description': 'XBRL TAXONOMY EXTENSION DEFINITION LINKBASE', 'documentUrl': 'https://www.sec.gov/Archives/edgar/data/1101396/000143774923035505/dla-20230930_def.xml', 'type': 'EX-101.DEF', 'size': '549841'}, {'sequence': '13', 'description': 'XBRL TAXONOMY EXTENSION LABEL LINKBASE', 'documentUrl': 'https://www.sec.gov/Archives/edgar/data/1101396/000143774923035505/dla-20230930_lab.xml', 'type': 'EX-101.LAB', 'size': '482718'}, {'sequence': '14', 'description': 'XBRL TAXONOMY EXTENSION PRESENTATION LINKBASE', 'documentUrl': 'https://www.sec.gov/Archives/edgar/data/1101396/000143774923035505/dla-20230930_pre.xml', 'type': 'EX-101.PRE', 'size': '589202'}, {'sequence': '89', 'description': 'EXTRACTED XBRL INSTANCE DOCUMENT', 'documentUrl': 'https://www.sec.gov/Archives/edgar/data/1101396/000143774923035505/dla20230930_10k_htm.xml', 'type': 'XML', 'size': '1559236'}]",[],2023-09-30
4a8d010ac372f4c4e5d410d2e6a769e1,0001213900-23-099290,1158420,GGEI,Green Giant Inc.,Green Giant Inc. (Filer),10-K,"Form 10-K - Annual report [Section 13 and 15(d), not S-K Item 405]",2023-12-28T17:00:32-05:00,https://www.sec.gov/Archives/edgar/data/1158420/000121390023099290/0001213900-23-099290.txt,https://www.sec.gov/Archives/edgar/data/1158420/000121390023099290/0001213900-23-099290-index.htm,,https://www.sec.gov/Archives/edgar/data/1158420/000121390023099290/f10k2023_greengiant.htm,"[{'fiscalYearEnd': '0930', 'stateOfIncorporation': 'F4', 'act': '34', 'cik': '1158420', 'fileNo': '001-34864', 'irsNo': '330961490', 'companyName': 'Green Giant Inc. (Filer)', 'type': '10-K', 'sic': '6500 Real Estate', 'filmNo': '231523349'}]","[{'sequence': '1', 'size': '1735207', 'documentUrl': 'https://www.sec.gov/ix?doc=/Archives/edgar/data/1158420/000121390023099290/f10k2023_greengiant.htm', 'description': 'ANNUAL REPORT', 'type': '10-K'}, {'sequence': '2', 'size': '26129', 'documentUrl': 'https://www.sec.gov/Archives/edgar/data/1158420/000121390023099290/f10k2023ex4-1_greengiant.htm', 'description': 'DESCRIPTION OF SECURITIES', 'type': 'EX-4.1'}, {'sequence': '3', 'size': '5034', 'documentUrl': 'https://www.sec.gov/Archives/edgar/data/1158420/000121390023099290/f10k2023ex21-1_greengiant.htm', 'description': 'LIST OF SUBSIDIARIES OF GREEN GIANT INC', 'type': 'EX-21.1'}, {'sequence': '4', 'size': '4711', 'documentUrl': 'https://www.sec.gov/Archives/edgar/data/1158420/000121390023099290/f10k2023ex23-1_greengiant.htm', 'description': 'CONSENT OF ONESTOP ASSURANCE PAC', 'type': 'EX-23.1'}, {'sequence': '5', 'size': '10512', 'documentUrl': 'https://www.sec.gov/Archives/edgar/data/1158420/000121390023099290/f10k2023ex31-1_greengiant.htm', 'description': 'CERTIFICATION', 'type': 'EX-31.1'}, {'sequence': '6', 'size': '10472', 'documentUrl': 'https://www.sec.gov/Archives/edgar/data/1158420/000121390023099290/f10k2023ex31-2_greengiant.htm', 'description': 'CERTIFICATION', 'type': 'EX-31.2'}, {'sequence': '7', 'size': '4501', 'documentUrl': 'https://www.sec.gov/Archives/edgar/data/1158420/000121390023099290/f10k2023ex32-1_greengiant.htm', 'description': 'CERTIFICATION', 'type': 'EX-32.1'}, {'sequence': '8', 'size': '4499', 'documentUrl': 'https://www.sec.gov/Archives/edgar/data/1158420/000121390023099290/f10k2023ex32-2_greengiant.htm', 'description': 'CERTIFICATION', 'type': 'EX-32.2'}, {'sequence': '9', 'size': '40706', 'documentUrl': 'https://www.sec.gov/Archives/edgar/data/1158420/000121390023099290/f10k2023ex97-1_greengiant.htm', 'description': 'COMPENSATION RECOVERY POLICY', 'type': 'EX-97.1'}, {'sequence': '10', 'size': '20635', 'documentUrl': 'https://www.sec.gov/Archives/edgar/data/1158420/000121390023099290/image_001.jpg', 'description': 'GRAPHIC', 'type': 'GRAPHIC'}, {'sequence': '11', 'size': '3980', 'documentUrl': 'https://www.sec.gov/Archives/edgar/data/1158420/000121390023099290/image_002.jpg', 'description': 'GRAPHIC', 'type': 'GRAPHIC'}, {'sequence': '12', 'size': '13426', 'documentUrl': 'https://www.sec.gov/Archives/edgar/data/1158420/000121390023099290/image_003.jpg', 'description': 'GRAPHIC', 'type': 'GRAPHIC'}, {'sequence': '13', 'size': '18604', 'documentUrl': 'https://www.sec.gov/Archives/edgar/data/1158420/000121390023099290/image_004.jpg', 'description': 'GRAPHIC', 'type': 'GRAPHIC'}, {'sequence': '14', 'size': '4872', 'documentUrl': 'https://www.sec.gov/Archives/edgar/data/1158420/000121390023099290/image_005.jpg', 'description': 'GRAPHIC', 'type': 'GRAPHIC'}, {'sequence': '15', 'size': '3865', 'documentUrl': 'https://www.sec.gov/Archives/edgar/data/1158420/000121390023099290/image_006.jpg', 'description': 'GRAPHIC', 'type': 'GRAPHIC'}, {'sequence': '16', 'size': '6546', 'documentUrl': 'https://www.sec.gov/Archives/edgar/data/1158420/000121390023099290/image_007.jpg', 'description': 'GRAPHIC', 'type': 'GRAPHIC'}, {'sequence': '17', 'size': '10068', 'documentUrl': 'https://www.sec.gov/Archives/edgar/data/1158420/000121390023099290/image_008.jpg', 'description': 'GRAPHIC', 'type': 'GRAPHIC'}, {'sequence': '18', 'size': '10815', 'documentUrl': 'https://www.sec.gov/Archives/edgar/data/1158420/000121390023099290/image_009.jpg', 'description': 'GRAPHIC', 'type': 'GRAPHIC'}, {'sequence': '19', 'size': '5207', 'documentUrl': 'https://www.sec.gov/Archives/edgar/data/1158420/000121390023099290/ex23-1_001.jpg', 'description': 'GRAPHIC', 'type': 'GRAPHIC'}, {'sequence': '\xa0', 'size': '7536150', 'documentUrl': 'https://www.sec.gov/Archives/edgar/data/1158420/000121390023099290/0001213900-23-099290.txt', 'description': 'Complete submission text file', 'type': '\xa0'}]","[{'sequence': '20', 'size': '72121', 'documentUrl': 'https://www.sec.gov/Archives/edgar/data/1158420/000121390023099290/hgsh-20230930.xsd', 'description': 'XBRL SCHEMA FILE', 'type': 'EX-101.SCH'}, {'sequence': '21', 'size': '36878', 'documentUrl': 'https://www.sec.gov/Archives/edgar/data/1158420/000121390023099290/hgsh-20230930_cal.xml', 'description': 'XBRL CALCULATION FILE', 'type': 'EX-101.CAL'}, {'sequence': '22', 'size': '317593', 'documentUrl': 'https://www.sec.gov/Archives/edgar/data/1158420/000121390023099290/hgsh-20230930_def.xml', 'description': 'XBRL DEFINITION FILE', 'type': 'EX-101.DEF'}, {'sequence': '23', 'size': '574071', 'documentUrl': 'https://www.sec.gov/Archives/edgar/data/1158420/000121390023099290/hgsh-20230930_lab.xml', 'description': 'XBRL LABEL FILE', 'type': 'EX-101.LAB'}, {'sequence': '24', 'size': '328265', 'documentUrl': 'https://www.sec.gov/Archives/edgar/data/1158420/000121390023099290/hgsh-20230930_pre.xml', 'description': 'XBRL PRESENTATION FILE', 'type': 'EX-101.PRE'}, {'sequence': '91', 'size': '814769', 'documentUrl': 'https://www.sec.gov/Archives/edgar/data/1158420/000121390023099290/f10k2023_greengiant_htm.xml', 'description': 'EXTRACTED XBRL INSTANCE DOCUMENT', 'type': 'XML'}]",[],2023-09-30
be9180d914da0f7ff31d95a15a4e865d,0001493152-23-046365,1435064,CETX,CEMTREX INC,CEMTREX INC (Filer),10-K,"Form 10-K - Annual report [Section 13 and 15(d), not S-K Item 405]",2023-12-28T14:50:21-05:00,https://www.sec.gov/Archives/edgar/data/1435064/000149315223046365/0001493152-23-046365.txt,https://www.sec.gov/Archives/edgar/data/1435064/000149315223046365/0001493152-23-046365-index.htm,,https://www.sec.gov/Archives/edgar/data/1435064/000149315223046365/form10-k.htm,"[{'companyName': 'CEMTREX INC (Filer)', 'cik': '1435064', 'irsNo': '000000000', 'stateOfIncorporation': 'DE', 'fiscalYearEnd': '0930', 'type': '10-K', 'act': '34', 'fileNo': '001-37464', 'filmNo': '231521982', 'sic': '3670 Electronic Components &amp; Accessories'}]","[{'sequence': '1', 'documentUrl': 'https://www.sec.gov/ix?doc=/Archives/edgar/data/1435064/000149315223046365/form10-k.htm', 'type': '10-K', 'size': '1963055'}, {'sequence': '2', 'documentUrl': 'https://www.sec.gov/Archives/edgar/data/1435064/000149315223046365/ex4-5.htm', 'type': 'EX-4.5', 'size': '39791'}, {'sequence': '3', 'documentUrl': 'https://www.sec.gov/Archives/edgar/data/1435064/000149315223046365/ex21-1.htm', 'type': 'EX-21.1', 'size': '5272'}, {'sequence': '4', 'documentUrl': 'https://www.sec.gov/Archives/edgar/data/1435064/000149315223046365/ex23-1.htm', 'type': 'EX-23.1', 'size': '4549'}, {'sequence': '5', 'documentUrl': 'https://www.sec.gov/Archives/edgar/data/1435064/000149315223046365/ex31-1.htm', 'type': 'EX-31.1', 'size': '18196'}, {'sequence': '6', 'documentUrl': 'https://www.sec.gov/Archives/edgar/data/1435064/000149315223046365/ex31-2.htm', 'type': 'EX-31.2', 'size': '18232'}, {'sequence': '7', 'documentUrl': 'https://www.sec.gov/Archives/edgar/data/1435064/000149315223046365/ex32-1.htm', 'type': 'EX-32.1', 'size': '8359'}, {'sequence': '8', 'documentUrl': 'https://www.sec.gov/Archives/edgar/data/1435064/000149315223046365/ex32-2.htm', 'type': 'EX-32.2', 'size': '8074'}, {'sequence': '9', 'documentUrl': 'https://www.sec.gov/Archives/edgar/data/1435064/000149315223046365/form10-k_001.jpg', 'type': 'GRAPHIC', 'size': '2021'}, {'sequence': '\xa0', 'description': 'Complete submission text file', 'documentUrl': 'https://www.sec.gov/Archives/edgar/data/1435064/000149315223046365/0001493152-23-046365.txt', 'type': '\xa0', 'size': '10562710'}]","[{'sequence': '10', 'description': 'XBRL SCHEMA FILE', 'documentUrl': 'https://www.sec.gov/Archives/edgar/data/1435064/000149315223046365/cetx-20230930.xsd', 'type': 'EX-101.SCH', 'size': '75291'}, {'sequence': '11', 'description': 'XBRL CALCULATION FILE', 'documentUrl': 'https://www.sec.gov/Archives/edgar/data/1435064/000149315223046365/cetx-20230930_cal.xml', 'type': 'EX-101.CAL', 'size': '116747'}, {'sequence': '12', 'description': 'XBRL DEFINITION FILE', 'documentUrl': 'https://www.sec.gov/Archives/edgar/data/1435064/000149315223046365/cetx-20230930_def.xml', 'type': 'EX-101.DEF', 'size': '352947'}, {'sequence': '13', 'description': 'XBRL LABEL FILE', 'documentUrl': 'https://www.sec.gov/Archives/edgar/data/1435064/000149315223046365/cetx-20230930_lab.xml', 'type': 'EX-101.LAB', 'size': '659635'}, {'sequence': '14', 'description': 'XBRL PRESENTATION FILE', 'documentUrl': 'https://www.sec.gov/Archives/edgar/data/1435064/000149315223046365/cetx-20230930_pre.xml', 'type': 'EX-101.PRE', 'size': '528914'}, {'sequence': '110', 'description': 'EXTRACTED XBRL INSTANCE DOCUMENT', 'documentUrl': 'https://www.sec.gov/Archives/edgar/data/1435064/000149315223046365/form10-k_htm.xml', 'type': 'XML', 'size': '1578189'}]",[],2023-09-30
dde3660bffc6993b5428762b9c2a83b2,0001410578-23-002651,1892922,MARX,Mars Acquisition Corp.,Mars Acquisition Corp. (Filer),10-K,"Form 10-K - Annual report [Section 13 and 15(d), not S-K Item 405]",2023-12-28T13:38:56-05:00,https://www.sec.gov/Archives/edgar/data/1892922/000141057823002651/0001410578-23-002651.txt,https://www.sec.gov/Archives/edgar/data/1892922/000141057823002651/0001410578-23-002651-index.htm,,https://www.sec.gov/Archives/edgar/data/1892922/000141057823002651/marx-20230930x10k.htm,"[{'companyName': 'Mars Acquisition Corp. (Filer)', 'cik': '1892922', 'irsNo': '000000000', 'stateOfIncorporation': 'E9', 'fiscalYearEnd': '0930', 'type': '10-K', 'act': '34', 'fileNo': '001-41619', 'filmNo': '231521493', 'sic': '6770 Blank Checks'}]","[{'sequence': '1', 'description': '10-K', 'documentUrl': 'https://www.sec.gov/ix?doc=/Archives/edgar/data/1892922/000141057823002651/marx-20230930x10k.htm', 'type': '10-K', 'size': '1053779'}, {'sequence': '2', 'description': 'EX-4.5', 'documentUrl': 'https://www.sec.gov/Archives/edgar/data/1892922/000141057823002651/marx-20230930xex4d5.htm', 'type': 'EX-4.5', 'size': '120092'}, {'sequence': '3', 'description': 'EX-31.1', 'documentUrl': 'https://www.sec.gov/Archives/edgar/data/1892922/000141057823002651/marx-20230930xex31d1.htm', 'type': 'EX-31.1', 'size': '14693'}, {'sequence': '4', 'description': 'EX-31.2', 'documentUrl': 'https://www.sec.gov/Archives/edgar/data/1892922/000141057823002651/marx-20230930xex31d2.htm', 'type': 'EX-31.2', 'size': '14638'}, {'sequence': '5', 'description': 'EX-32.1', 'documentUrl': 'https://www.sec.gov/Archives/edgar/data/1892922/000141057823002651/marx-20230930xex32d1.htm', 'type': 'EX-32.1', 'size': '6189'}, {'sequence': '6', 'description': 'EX-32.2', 'documentUrl': 'https://www.sec.gov/Archives/edgar/data/1892922/000141057823002651/marx-20230930xex32d2.htm', 'type': 'EX-32.2', 'size': '6188'}, {'sequence': '\xa0', 'description': 'Complete submission text file', 'documentUrl': 'https://www.sec.gov/Archives/edgar/data/1892922/000141057823002651/0001410578-23-002651.txt', 'type': '\xa0', 'size': '3882490'}]","[{'sequence': '7', 'description': 'EX-101.SCH', 'documentUrl': 'https://www.sec.gov/Archives/edgar/data/1892922/000141057823002651/marx-20230930.xsd', 'type': 'EX-101.SCH', 'size': '38100'}, {'sequence': '8', 'description': 'EX-101.CAL', 'documentUrl': 'https://www.sec.gov/Archives/edgar/data/1892922/000141057823002651/marx-20230930_cal.xml', 'type': 'EX-101.CAL', 'size': '20635'}, {'sequence': '9', 'description': 'EX-101.DEF', 'documentUrl': 'https://www.sec.gov/Archives/edgar/data/1892922/000141057823002651/marx-20230930_def.xml', 'type': 'EX-101.DEF', 'size': '131138'}, {'sequence': '10', 'description': 'EX-101.LAB', 'documentUrl': 'https://www.sec.gov/Archives/edgar/data/1892922/000141057823002651/marx-20230930_lab.xml', 'type': 'EX-101.LAB', 'size': '271543'}, {'sequence': '11', 'description': 'EX-101.PRE', 'documentUrl': 'https://www.sec.gov/Archives/edgar/data/1892922/000141057823002651/marx-20230930_pre.xml', 'type': 'EX-101.PRE', 'size': '198788'}, {'sequence': '43', 'description': 'EXTRACTED XBRL INSTANCE DOCUMENT', 'documentUrl': 'https://www.sec.gov/Archives/edgar/data/1892922/000141057823002651/marx-20230930x10k_htm.xml', 'type': 'XML', 'size': '356233'}]",[],2023-09-30
a76e6c2d1847d358d2689e327c46569f,0001493152-23-046325,1976900,,DFP HOLDINGS Ltd,DFP HOLDINGS Ltd (Filer),10-K,"Form 10-K - Annual report [Section 13 and 15(d), not S-K Item 405]",2023-12-28T06:15:57-05:00,https://www.sec.gov/Archives/edgar/data/1976900/000149315223046325/0001493152-23-046325.txt,https://www.sec.gov/Archives/edgar/data/1976900/000149315223046325/0001493152-23-046325-index.htm,,https://www.sec.gov/Archives/edgar/data/1976900/000149315223046325/form10-k.htm,"[{'companyName': 'DFP HOLDINGS Ltd (Filer)', 'cik': '1976900', 'irsNo': '000000000', 'stateOfIncorporation': 'NV', 'fiscalYearEnd': '0930', 'type': '10-K', 'act': '34', 'fileNo': '333-271858', 'filmNo': '231519287', 'sic': '8200 Services-Educational Services'}]","[{'sequence': '1', 'documentUrl': 'https://www.sec.gov/ix?doc=/Archives/edgar/data/1976900/000149315223046325/form10-k.htm', 'type': '10-K', 'size': '626154'}, {'sequence': '2', 'documentUrl': 'https://www.sec.gov/Archives/edgar/data/1976900/000149315223046325/ex31-1.htm', 'type': 'EX-31.1', 'size': '11311'}, {'sequence': '3', 'documentUrl': 'https://www.sec.gov/Archives/edgar/data/1976900/000149315223046325/ex32-1.htm', 'type': 'EX-32.1', 'size': '6233'}, {'sequence': '\xa0', 'description': 'Complete submission text file', 'documentUrl': 'https://www.sec.gov/Archives/edgar/data/1976900/000149315223046325/0001493152-23-046325.txt', 'type': '\xa0', 'size': '3117433'}]","[{'sequence': '4', 'description': 'XBRL SCHEMA FILE', 'documentUrl': 'https://www.sec.gov/Archives/edgar/data/1976900/000149315223046325/dfph-20230930.xsd', 'type': 'EX-101.SCH', 'size': '20940'}, {'sequence': '5', 'description': 'XBRL CALCULATION FILE', 'documentUrl': 'https://www.sec.gov/Archives/edgar/data/1976900/000149315223046325/dfph-20230930_cal.xml', 'type': 'EX-101.CAL', 'size': '33121'}, {'sequence': '6', 'description': 'XBRL DEFINITION FILE', 'documentUrl': 'https://www.sec.gov/Archives/edgar/data/1976900/000149315223046325/dfph-20230930_def.xml', 'type': 'EX-101.DEF', 'size': '109445'}, {'sequence': '7', 'description': 'XBRL LABEL FILE', 'documentUrl': 'https://www.sec.gov/Archives/edgar/data/1976900/000149315223046325/dfph-20230930_lab.xml', 'type': 'EX-101.LAB', 'size': '211480'}, {'sequence': '8', 'description': 'XBRL PRESENTATION FILE', 'documentUrl': 'https://www.sec.gov/Archives/edgar/data/1976900/000149315223046325/dfph-20230930_pre.xml', 'type': 'EX-101.PRE', 'size': '168812'}, {'sequence': '35', 'description': 'EXTRACTED XBRL INSTANCE DOCUMENT', 'documentUrl': 'https://www.sec.gov/Archives/edgar/data/1976900/000149315223046325/form10-k_htm.xml', 'type': 'XML', 'size': '361767'}]",[],2023-09-30
00a7aa5ff5c04af6c1395e6df1f62efb,0001437749-23-035452,783412,DJCO,DAILY JOURNAL CORP,DAILY JOURNAL CORP (Filer),10-K,"Form 10-K - Annual report [Section 13 and 15(d), not S-K Item 405]",2023-12-27T20:43:46-05:00,https://www.sec.gov/Archives/edgar/data/783412/000143774923035452/0001437749-23-035452.txt,https://www.sec.gov/Archives/edgar/data/783412/000143774923035452/0001437749-23-035452-index.htm,,https://www.sec.gov/Archives/edgar/data/783412/000143774923035452/djco20230930_10k.htm,"[{'companyName': 'DAILY JOURNAL CORP (Filer)', 'cik': '783412', 'irsNo': '954133299', 'stateOfIncorporation': 'SC', 'fiscalYearEnd': '0930', 'type': '10-K', 'act': '34', 'fileNo': '000-14665', 'filmNo': '231519200', 'sic': '2711 Newspapers'}]","[{'sequence': '1', 'description': 'FORM 10-K', 'documentUrl': 'https://www.sec.gov/ix?doc=/Archives/edgar/data/783412/000143774923035452/djco20230930_10k.htm', 'type': '10-K', 'size': '1067280'}, {'sequence': '2', 'description': 'EXHIBIT 21', 'documentUrl': 'https://www.sec.gov/Archives/edgar/data/783412/000143774923035452/ex_604765.htm', 'type': 'EX-21', 'size': '1679'}, {'sequence': '3', 'description': 'EXHIBIT 31', 'documentUrl': 'https://www.sec.gov/Archives/edgar/data/783412/000143774923035452/ex_604766.htm', 'type': 'EX-31', 'size': '24216'}, {'sequence': '4', 'description': 'EXHIBIT 32', 'documentUrl': 'https://www.sec.gov/Archives/edgar/data/783412/000143774923035452/ex_604767.htm', 'type': 'EX-32', 'size': '9623'}, {'sequence': '5', 'description': 'EXHIBIT 97', 'documentUrl': 'https://www.sec.gov/Archives/edgar/data/783412/000143774923035452/ex_604768.htm', 'type': 'EX-97', 'size': '21568'}, {'sequence': '\xa0', 'description': 'Complete submission text file', 'documentUrl': 'https://www.sec.gov/Archives/edgar/data/783412/000143774923035452/0001437749-23-035452.txt', 'type': '\xa0', 'size': '5513596'}]","[{'sequence': '6', 'description': 'XBRL TAXONOMY EXTENSION SCHEMA', 'documentUrl': 'https://www.sec.gov/Archives/edgar/data/783412/000143774923035452/djco-20230930.xsd', 'type': 'EX-101.SCH', 'size': '35905'}, {'sequence': '7', 'description': 'XBRL TAXONOMY EXTENSION DEFINITION LINKBASE', 'documentUrl': 'https://www.sec.gov/Archives/edgar/data/783412/000143774923035452/djco-20230930_def.xml', 'type': 'EX-101.DEF', 'size': '331418'}, {'sequence': '8', 'description': 'XBRL TAXONOMY EXTENSION LABEL LINKBASE', 'documentUrl': 'https://www.sec.gov/Archives/edgar/data/783412/000143774923035452/djco-20230930_lab.xml', 'type': 'EX-101.LAB', 'size': '301402'}, {'sequence': '9', 'description': 'XBRL TAXONOMY EXTENSION PRESENTATION LINKBASE', 'documentUrl': 'https://www.sec.gov/Archives/edgar/data/783412/000143774923035452/djco-20230930_pre.xml', 'type': 'EX-101.PRE', 'size': '351699'}, {'sequence': '10', 'description': 'XBRL TAXONOMY EXTENSION CALCULATION LINKBASE', 'documentUrl': 'https://www.sec.gov/Archives/edgar/data/783412/000143774923035452/djco-20230930_cal.xml', 'type': 'EX-101.CAL', 'size': '45249'}, {'sequence': '41', 'description': 'EXTRACTED XBRL INSTANCE DOCUMENT', 'documentUrl': 'https://www.sec.gov/Archives/edgar/data/783412/000143774923035452/djco20230930_10k_htm.xml', 'type': 'XML', 'size': '843201'}]",[],2023-09-30
29e0e10a4e36eafaa60316c4a05674aa,0000808326-23-000031,808326,EMKR,EMCORE CORP,EMCORE CORP (Filer),10-K,"Form 10-K - Annual report [Section 13 and 15(d), not S-K Item 405]",2023-12-27T17:13:33-05:00,https://www.sec.gov/Archives/edgar/data/808326/000080832623000031/0000808326-23-000031.txt,https://www.sec.gov/Archives/edgar/data/808326/000080832623000031/0000808326-23-000031-index.htm,,https://www.sec.gov/Archives/edgar/data/808326/000080832623000031/emkr-20230930.htm,"[{'companyName': 'EMCORE CORP (Filer)', 'cik': '808326', 'irsNo': '222746503', 'stateOfIncorporation': 'NJ', 'fiscalYearEnd': '0930', 'type': '10-K', 'act': '34', 'fileNo': '001-36632', 'filmNo': '231518737', 'sic': '3674 Semiconductors &amp; Related Devices'}]","[{'sequence': '1', 'description': '10-K', 'documentUrl': 'https://www.sec.gov/ix?doc=/Archives/edgar/data/808326/000080832623000031/emkr-20230930.htm', 'type': '10-K', 'size': '1642103'}, {'sequence': '2', 'description': 'EX-3.(II) 1', 'documentUrl': 'https://www.sec.gov/Archives/edgar/data/808326/000080832623000031/emkr-form10xkex3ii1xamende.htm', 'type': 'EX-3.(II) 1', 'size': '203556'}, {'sequence': '3', 'description': 'EX-4.2', 'documentUrl': 'https://www.sec.gov/Archives/edgar/data/808326/000080832623000031/ex42-descriptionofregistra.htm', 'type': 'EX-4.2', 'size': '46128'}, {'sequence': '4', 'description': 'EX-10.9', 'documentUrl': 'https://www.sec.gov/Archives/edgar/data/808326/000080832623000031/ex109severanceandchangeofc.htm', 'type': 'EX-10.9', 'size': '77714'}, {'sequence': '5', 'description': 'EX-21.1', 'documentUrl': 'https://www.sec.gov/Archives/edgar/data/808326/000080832623000031/emcorecorporationsubsidiar.htm', 'type': 'EX-21.1', 'size': '2206'}, {'sequence': '6', 'description': 'EX-23.1', 'documentUrl': 'https://www.sec.gov/Archives/edgar/data/808326/000080832623000031/emrk-10xkauditorconsentexx.htm', 'type': 'EX-23.1', 'size': '2331'}, {'sequence': '7', 'description': 'EX-31.1', 'documentUrl': 'https://www.sec.gov/Archives/edgar/data/808326/000080832623000031/emkr-20230930x10kexx311.htm', 'type': 'EX-31.1', 'size': '10821'}, {'sequence': '8', 'description': 'EX-31.2', 'documentUrl': 'https://www.sec.gov/Archives/edgar/data/808326/000080832623000031/emkr-20230930x10kexx312.htm', 'type': 'EX-31.2', 'size': '10827'}, {'sequence': '9', 'description': 'EX-32.1', 'documentUrl': 'https://www.sec.gov/Archives/edgar/data/808326/000080832623000031/emkr-20230930x10kexx321.htm', 'type': 'EX-32.1', 'size': '5792'}, {'sequence': '10', 'description': 'EX-32.2', 'documentUrl': 'https://www.sec.gov/Archives/edgar/data/808326/000080832623000031/emkr-20230930x10kexx322.htm', 'type': 'EX-32.2', 'size': '5814'}, {'sequence': '11', 'description': 'EX-97', 'documentUrl': 'https://www.sec.gov/Archives/edgar/data/808326/000080832623000031/emkr-form10xkex97xclawback.htm', 'type': 'EX-97', 'size': '30794'}, {'sequence': '17', 'description': 'GRAPHIC', 'documentUrl': 'https://www.sec.gov/Archives/edgar/data/808326/000080832623000031/emkr-20230930_g1.jpg', 'type': 'GRAPHIC', 'size': '2464'}, {'sequence': '\xa0', 'description': 'Complete submission text file', 'documentUrl': 'https://www.sec.gov/Archives/edgar/data/808326/000080832623000031/0000808326-23-000031.txt', 'type': '\xa0', 'size': '11025859'}]","[{'sequence': '12', 'description': 'XBRL TAXONOMY EXTENSION SCHEMA DOCUMENT', 'documentUrl': 'https://www.sec.gov/Archives/edgar/data/808326/000080832623000031/emkr-20230930.xsd', 'type': 'EX-101.SCH', 'size': '77002'}, {'sequence': '13', 'description': 'XBRL TAXONOMY EXTENSION CALCULATION LINKBASE DOCUMENT', 'documentUrl': 'https://www.sec.gov/Archives/edgar/data/808326/000080832623000031/emkr-20230930_cal.xml', 'type': 'EX-101.CAL', 'size': '156841'}, {'sequence': '14', 'description': 'XBRL TAXONOMY EXTENSION DEFINITION LINKBASE DOCUMENT', 'documentUrl': 'https://www.sec.gov/Archives/edgar/data/808326/000080832623000031/emkr-20230930_def.xml', 'type': 'EX-101.DEF', 'size': '316198'}, {'sequence': '15', 'description': 'XBRL TAXONOMY EXTENSION LABEL LINKBASE DOCUMENT', 'documentUrl': 'https://www.sec.gov/Archives/edgar/data/808326/000080832623000031/emkr-20230930_lab.xml', 'type': 'EX-101.LAB', 'size': '1019827'}, {'sequence': '16', 'description': 'XBRL TAXONOMY EXTENSION PRESENTATION LINKBASE DOCUMENT', 'documentUrl': 'https://www.sec.gov/Archives/edgar/data/808326/000080832623000031/emkr-20230930_pre.xml', 'type': 'EX-101.PRE', 'size': '681474'}, {'sequence': '108', 'description': 'EXTRACTED XBRL INSTANCE DOCUMENT', 'documentUrl': 'https://www.sec.gov/Archives/edgar/data/808326/000080832623000031/emkr-20230930_htm.xml', 'type': 'XML', 'size': '1498991'}]",[],2023-09-30
9a6c98109ca876c4a11a2892379cdb05,0001437749-23-035439,1378590,BLIN,"Bridgeline Digital, Inc.","Bridgeline Digital, Inc. (Filer)",10-K,"Form 10-K - Annual report [Section 13 and 15(d), not S-K Item 405]",2023-12-27T17:09:23-05:00,https://www.sec.gov/Archives/edgar/data/1378590/000143774923035439/0001437749-23-035439.txt,https://www.sec.gov/Archives/edgar/data/1378590/000143774923035439/0001437749-23-035439-index.htm,,https://www.sec.gov/Archives/edgar/data/1378590/000143774923035439/blin20230930c_10k.htm,"[{'companyName': 'Bridgeline Digital, Inc. (Filer)', 'cik': '1378590', 'irsNo': '522263942', 'stateOfIncorporation': 'DE', 'fiscalYearEnd': '0930', 'type': '10-K', 'act': '34', 'fileNo': '001-33567', 'filmNo': '231518691', 'sic': '7372 Services-Prepackaged Software'}]","[{'sequence': '1', 'description': 'FORM 10-K', 'documentUrl': 'https://www.sec.gov/ix?doc=/Archives/edgar/data/1378590/000143774923035439/blin20230930c_10k.htm', 'type': '10-K', 'size': '1862026'}, {'sequence': '2', 'description': 'EXHIBIT 21.1', 'documentUrl': 'https://www.sec.gov/Archives/edgar/data/1378590/000143774923035439/ex_563589.htm', 'type': 'EX-21.1', 'size': '2200'}, {'sequence': '3', 'description': 'EXHIBIT 23.1', 'documentUrl': 'https://www.sec.gov/Archives/edgar/data/1378590/000143774923035439/ex_563590.htm', 'type': 'EX-23.1', 'size': '3439'}, {'sequence': '4', 'description': 'EXHIBIT 31.1', 'documentUrl': 'https://www.sec.gov/Archives/edgar/data/1378590/000143774923035439/ex_563591.htm', 'type': 'EX-31.1', 'size': '13486'}, {'sequence': '5', 'description': 'EXHIBIT 31.2', 'documentUrl': 'https://www.sec.gov/Archives/edgar/data/1378590/000143774923035439/ex_563592.htm', 'type': 'EX-31.2', 'size': '13187'}, {'sequence': '6', 'description': 'EXHIBIT 32.1', 'documentUrl': 'https://www.sec.gov/Archives/edgar/data/1378590/000143774923035439/ex_563593.htm', 'type': 'EX-32.1', 'size': '5719'}, {'sequence': '7', 'description': 'EXHIBIT 32.2', 'documentUrl': 'https://www.sec.gov/Archives/edgar/data/1378590/000143774923035439/ex_563594.htm', 'type': 'EX-32.2', 'size': '5762'}, {'sequence': '8', 'description': 'EXHIBIT 97', 'documentUrl': 'https://www.sec.gov/Archives/edgar/data/1378590/000143774923035439/ex_607681.htm', 'type': 'EX-97', 'size': '26275'}, {'sequence': '\xa0', 'description': 'Complete submission text file', 'documentUrl': 'https://www.sec.gov/Archives/edgar/data/1378590/000143774923035439/0001437749-23-035439.txt', 'type': '\xa0', 'size': '9336202'}]","[{'sequence': '9', 'description': 'XBRL TAXONOMY EXTENSION SCHEMA', 'documentUrl': 'https://www.sec.gov/Archives/edgar/data/1378590/000143774923035439/blin-20230930.xsd', 'type': 'EX-101.SCH', 'size': '86222'}, {'sequence': '10', 'description': 'XBRL TAXONOMY EXTENSION CALCULATION LINKBASE', 'documentUrl': 'https://www.sec.gov/Archives/edgar/data/1378590/000143774923035439/blin-20230930_cal.xml', 'type': 'EX-101.CAL', 'size': '76565'}, {'sequence': '11', 'description': 'XBRL TAXONOMY EXTENSION DEFINITION LINKBASE', 'documentUrl': 'https://www.sec.gov/Archives/edgar/data/1378590/000143774923035439/blin-20230930_def.xml', 'type': 'EX-101.DEF', 'size': '561284'}, {'sequence': '12', 'description': 'XBRL TAXONOMY EXTENSION LABEL LINKBASE', 'documentUrl': 'https://www.sec.gov/Archives/edgar/data/1378590/000143774923035439/blin-20230930_lab.xml', 'type': 'EX-101.LAB', 'size': '512790'}, {'sequence': '13', 'description': 'XBRL TAXONOMY EXTENSION PRESENTATION LINKBASE', 'documentUrl': 'https://www.sec.gov/Archives/edgar/data/1378590/000143774923035439/blin-20230930_pre.xml', 'type': 'EX-101.PRE', 'size': '613606'}, {'sequence': '93', 'description': 'EXTRACTED XBRL INSTANCE DOCUMENT', 'documentUrl': 'https://www.sec.gov/Archives/edgar/data/1378590/000143774923035439/blin20230930c_10k_htm.xml', 'type': 'XML', 'size': '1479205'}]",[],2023-09-30
85076eea2a50ee560efb8a6d9d2fc711,0001185185-23-001351,1636051,FUST,FUSE GROUP HOLDING INC.,FUSE GROUP HOLDING INC. (Filer),10-K,"Form 10-K - Annual report [Section 13 and 15(d), not S-K Item 405]",2023-12-27T17:01:15-05:00,https://www.sec.gov/Archives/edgar/data/1636051/000118518523001351/0001185185-23-001351.txt,https://www.sec.gov/Archives/edgar/data/1636051/000118518523001351/0001185185-23-001351-index.htm,,https://www.sec.gov/Archives/edgar/data/1636051/000118518523001351/fusegroup20230930_10k.htm,"[{'companyName': 'FUSE GROUP HOLDING INC. (Filer)', 'cik': '1636051', 'irsNo': '471017473', 'stateOfIncorporation': 'NV', 'fiscalYearEnd': '0930', 'type': '10-K', 'act': '34', 'fileNo': '333-202948', 'filmNo': '231518633', 'sic': '1000 Metal Mining'}]","[{'sequence': '1', 'description': 'FORM 10-K', 'documentUrl': 'https://www.sec.gov/ix?doc=/Archives/edgar/data/1636051/000118518523001351/fusegroup20230930_10k.htm', 'type': '10-K', 'size': '743726'}, {'sequence': '2', 'description': 'EXHIBIT 21.1', 'documentUrl': 'https://www.sec.gov/Archives/edgar/data/1636051/000118518523001351/ex_598584.htm', 'type': 'EX-21.1', 'size': '4684'}, {'sequence': '3', 'description': 'EXHIBIT 31.1', 'documentUrl': 'https://www.sec.gov/Archives/edgar/data/1636051/000118518523001351/ex_598582.htm', 'type': 'EX-31.1', 'size': '12921'}, {'sequence': '4', 'description': 'EXHIBIT 32.1', 'documentUrl': 'https://www.sec.gov/Archives/edgar/data/1636051/000118518523001351/ex_598583.htm', 'type': 'EX-32.1', 'size': '5473'}, {'sequence': '10', 'documentUrl': 'https://www.sec.gov/Archives/edgar/data/1636051/000118518523001351/fusegroup20230930_10kimg001.jpg', 'type': 'GRAPHIC', 'size': '6054'}, {'sequence': '11', 'documentUrl': 'https://www.sec.gov/Archives/edgar/data/1636051/000118518523001351/fusegroup20230930_10kimg002.jpg', 'type': 'GRAPHIC', 'size': '6415'}, {'sequence': '\xa0', 'description': 'Complete submission text file', 'documentUrl': 'https://www.sec.gov/Archives/edgar/data/1636051/000118518523001351/0001185185-23-001351.txt', 'type': '\xa0', 'size': '3710924'}]","[{'sequence': '5', 'description': 'XBRL TAXONOMY EXTENSION SCHEMA', 'documentUrl': 'https://www.sec.gov/Archives/edgar/data/1636051/000118518523001351/fsnt-20230930.xsd', 'type': 'EX-101.SCH', 'size': '45118'}, {'sequence': '6', 'description': 'XBRL TAXONOMY EXTENSION CALCULATION LINKBASE', 'documentUrl': 'https://www.sec.gov/Archives/edgar/data/1636051/000118518523001351/fsnt-20230930_cal.xml', 'type': 'EX-101.CAL', 'size': '33516'}, {'sequence': '7', 'description': 'XBRL TAXONOMY EXTENSION DEFINITION LINKBASE', 'documentUrl': 'https://www.sec.gov/Archives/edgar/data/1636051/000118518523001351/fsnt-20230930_def.xml', 'type': 'EX-101.DEF', 'size': '169900'}, {'sequence': '8', 'description': 'XBRL TAXONOMY EXTENSION LABEL LINKBASE', 'documentUrl': 'https://www.sec.gov/Archives/edgar/data/1636051/000118518523001351/fsnt-20230930_lab.xml', 'type': 'EX-101.LAB', 'size': '334622'}, {'sequence': '9', 'description': 'XBRL TAXONOMY EXTENSION PRESENTATION LINKBASE', 'documentUrl': 'https://www.sec.gov/Archives/edgar/data/1636051/000118518523001351/fsnt-20230930_pre.xml', 'type': 'EX-101.PRE', 'size': '176580'}, {'sequence': '61', 'description': 'EXTRACTED XBRL INSTANCE DOCUMENT', 'documentUrl': 'https://www.sec.gov/Archives/edgar/data/1636051/000118518523001351/fusegroup20230930_10k_htm.xml', 'type': 'XML', 'size': '332579'}]",[],2023-09-30
952692190c4c124bc2a479492be8f361,0001493152-23-046278,1022505,SDCH,"SideChannel, Inc.","SideChannel, Inc. (Filer)",10-K,"Form 10-K - Annual report [Section 13 and 15(d), not S-K Item 405]",2023-12-27T17:00:46-05:00,https://www.sec.gov/Archives/edgar/data/1022505/000149315223046278/0001493152-23-046278.txt,https://www.sec.gov/Archives/edgar/data/1022505/000149315223046278/0001493152-23-046278-index.htm,,https://www.sec.gov/Archives/edgar/data/1022505/000149315223046278/form10-k.htm,"[{'companyName': 'SideChannel, Inc. (Filer)', 'cik': '1022505', 'irsNo': '860837077', 'stateOfIncorporation': 'DE', 'fiscalYearEnd': '0930', 'type': '10-K', 'act': '34', 'fileNo': '000-28745', 'filmNo': '231518624', 'sic': '7374 Services-Computer Processing &amp; Data Preparation'}]","[{'sequence': '1', 'documentUrl': 'https://www.sec.gov/ix?doc=/Archives/edgar/data/1022505/000149315223046278/form10-k.htm', 'type': '10-K', 'size': '1426558'}, {'sequence': '2', 'documentUrl': 'https://www.sec.gov/Archives/edgar/data/1022505/000149315223046278/ex4-1.htm', 'type': 'EX-4.1', 'size': '17330'}, {'sequence': '3', 'documentUrl': 'https://www.sec.gov/Archives/edgar/data/1022505/000149315223046278/ex21-1.htm', 'type': 'EX-21.1', 'size': '4369'}, {'sequence': '4', 'documentUrl': 'https://www.sec.gov/Archives/edgar/data/1022505/000149315223046278/ex23-1.htm', 'type': 'EX-23.1', 'size': '4683'}, {'sequence': '5', 'documentUrl': 'https://www.sec.gov/Archives/edgar/data/1022505/000149315223046278/ex31-1.htm', 'type': 'EX-31.1', 'size': '19300'}, {'sequence': '6', 'documentUrl': 'https://www.sec.gov/Archives/edgar/data/1022505/000149315223046278/ex31-2.htm', 'type': 'EX-31.2', 'size': '19021'}, {'sequence': '7', 'documentUrl': 'https://www.sec.gov/Archives/edgar/data/1022505/000149315223046278/ex32-1.htm', 'type': 'EX-32.1', 'size': '5482'}, {'sequence': '8', 'documentUrl': 'https://www.sec.gov/Archives/edgar/data/1022505/000149315223046278/ex32-2.htm', 'type': 'EX-32.2', 'size': '5599'}, {'sequence': '9', 'documentUrl': 'https://www.sec.gov/Archives/edgar/data/1022505/000149315223046278/ex23-1_001.jpg', 'type': 'GRAPHIC', 'size': '5065'}, {'sequence': '10', 'documentUrl': 'https://www.sec.gov/Archives/edgar/data/1022505/000149315223046278/form10-k_001.jpg', 'type': 'GRAPHIC', 'size': '4423'}, {'sequence': '\xa0', 'description': 'Complete submission text file', 'documentUrl': 'https://www.sec.gov/Archives/edgar/data/1022505/000149315223046278/0001493152-23-046278.txt', 'type': '\xa0', 'size': '5797142'}]","[{'sequence': '11', 'documentUrl': 'https://www.sec.gov/Archives/edgar/data/1022505/000149315223046278/sdch-20230930.xsd', 'type': 'EX-101.SCH', 'size': '36722'}, {'sequence': '12', 'documentUrl': 'https://www.sec.gov/Archives/edgar/data/1022505/000149315223046278/sdch-20230930_cal.xml', 'type': 'EX-101.CAL', 'size': '49096'}, {'sequence': '13', 'documentUrl': 'https://www.sec.gov/Archives/edgar/data/1022505/000149315223046278/sdch-20230930_def.xml', 'type': 'EX-101.DEF', 'size': '178483'}, {'sequence': '14', 'documentUrl': 'https://www.sec.gov/Archives/edgar/data/1022505/000149315223046278/sdch-20230930_lab.xml', 'type': 'EX-101.LAB', 'size': '345637'}, {'sequence': '15', 'documentUrl': 'https://www.sec.gov/Archives/edgar/data/1022505/000149315223046278/sdch-20230930_pre.xml', 'type': 'EX-101.PRE', 'size': '277356'}, {'sequence': '59', 'description': 'EXTRACTED XBRL INSTANCE DOCUMENT', 'documentUrl': 'https://www.sec.gov/Archives/edgar/data/1022505/000149315223046278/form10-k_htm.xml', 'type': 'XML', 'size': '729041'}]",[],2023-09-30
